1.49,1.1,1.46,1.91,1.89,1.68,1.09,1.99,1.19,1.51,2.6,1.23,1.52,1.25,2.9,1.86,2.06,2.58,6.31,6.58,3.09,1.31,1.98,1.48,3.14,1.39,1.74,1.52,1.67,1.84,1.2,1.58,2.61,1.37,1.34,1.49,1.5,2.29,2.79,1.91,2.45,1.68,2.58,2.64,3.66
1.65,1.12,1.6,1.95,1.98,1.72,1.36,2.03,1.41,1.58,2.71,1.3,1.7,1.36,2.9,1.87,2.14,2.62,6.27,6.59,3.19,1.36,2.03,1.62,3.2,1.45,1.78,1.6,1.74,1.87,1.37,1.6,2.7,1.4,1.44,1.53,1.58,2.35,2.79,1.96,2.45,1.66,2.65,2.63,3.68
1.65,1.15,1.75,1.98,2.03,1.75,1.49,2.49,1.58,1.64,2.83,1.34,1.72,1.52,2.85,1.9,2.08,2.66,6.25,6.59,3.17,1.38,2.1,1.69,3.27,1.51,1.82,1.68,1.8,1.89,1.43,1.64,2.78,1.45,1.47,1.69,1.67,2.37,2.83,2.02,2.47,1.63,2.72,2.62,3.71
1.73,1.17,1.8,2.04,2.13,1.78,1.52,2.57,1.69,1.71,2.89,1.36,1.73,1.56,2.85,1.92,2.16,2.69,6.25,6.6,3.2,1.44,2.25,1.77,3.34,1.56,1.87,1.76,1.86,1.91,1.5,1.68,2.83,1.58,1.61,1.7,1.7,2.49,2.83,2.09,2.5,1.67,2.77,2.54,3.72
1.85,1.19,1.86,2.1,2.19,1.82,1.56,2.69,1.74,1.79,2.94,1.48,1.74,1.7,2.8,1.95,2.28,2.72,6.25,6.61,3.15,1.55,2.29,1.88,3.39,1.62,1.9,1.84,1.93,1.91,1.57,1.7,2.92,1.65,1.68,1.84,1.73,2.58,2.84,2.15,2.51,1.73,2.82,2.5,3.76
1.91,1.23,1.97,2.17,2.25,1.86,1.67,2.74,1.8,1.91,2.97,1.55,1.75,1.75,2.75,1.97,2.35,2.76,6.23,6.62,3.13,1.62,2.36,2.0,3.47,1.67,1.94,1.91,2.0,1.92,1.64,1.72,2.96,1.69,1.88,1.92,1.9,2.6,2.85,2.21,2.51,1.79,2.85,2.47,3.77
2.03,1.26,2.07,2.22,2.31,1.89,1.85,2.77,1.85,1.98,3.08,1.7,1.76,1.88,2.75,1.99,2.4,2.8,6.23,6.62,3.15,1.78,2.4,2.17,3.54,1.7,1.97,1.97,2.03,1.96,1.71,1.76,3.02,1.74,1.89,1.91,1.97,2.65,2.85,2.28,2.52,2.2,2.9,2.38,3.77
2.1,1.32,2.12,2.26,2.41,1.91,1.91,2.81,1.89,2.04,3.14,1.75,1.77,2.0,2.73,1.98,2.43,2.82,6.21,6.63,3.17,1.88,2.47,2.34,3.6,1.73,2.0,2.04,2.07,1.99,1.79,1.78,3.06,1.87,1.91,2.0,2.03,2.69,2.87,2.3,2.54,2.12,2.93,2.39,3.78
2.12,1.36,2.17,2.37,2.45,1.94,1.96,2.81,1.99,2.1,3.19,1.79,2.11,2.12,2.73,2.0,2.48,2.85,6.2,6.64,3.2,1.93,2.58,2.4,3.68,1.77,2.02,2.11,2.11,1.99,1.84,1.8,3.13,1.99,2.05,2.0,2.05,2.7,2.87,2.31,2.55,2.1,2.96,2.42,3.83
2.17,1.4,2.19,2.43,2.52,2.0,2.06,3.07,2.02,2.18,3.23,1.87,2.27,2.19,2.7,2.02,2.52,2.88,6.19,6.65,3.24,2.05,2.69,2.46,3.74,1.8,2.04,2.16,2.15,2.01,1.91,1.84,3.15,2.11,2.13,1.92,2.08,2.72,2.9,2.35,2.55,1.98,2.98,2.44,3.84
2.21,1.45,2.29,2.48,2.53,2.04,2.16,2.86,2.07,2.25,3.27,1.93,2.3,2.28,2.73,2.06,2.55,2.91,6.17,6.66,3.43,2.17,2.81,2.53,3.81,1.84,2.07,2.22,2.19,2.03,2.03,1.87,3.22,2.21,2.13,1.93,2.08,2.74,2.94,2.37,2.55,1.83,2.92,2.44,3.86
2.23,1.52,2.34,2.52,2.59,2.06,2.2,2.92,2.1,2.34,3.3,1.97,2.32,2.34,2.73,2.07,2.58,2.96,6.16,6.67,3.67,2.34,2.94,2.57,3.84,1.87,2.1,2.26,2.22,2.05,2.15,1.93,2.27,2.36,2.2,2.14,2.12,1.75,2.99,2.42,2.56,1.77,2.85,2.46,3.89
2.25,1.53,2.36,2.53,2.61,2.07,2.23,2.94,2.12,2.36,3.32,1.99,2.42,2.36,2.75,2.14,2.6,2.99,6.2,6.67,3.69,2.43,2.96,2.6,3.84,1.91,2.12,2.28,2.25,2.05,2.18,1.93,3.26,2.38,2.26,2.14,2.24,1.84,3.0,2.33,2.64,1.55,3.02,2.47,3.91
2.27,1.55,2.39,2.55,2.63,2.09,2.26,2.97,2.15,2.39,3.34,2.0,2.62,2.39,2.81,2.15,2.61,3.01,6.19,6.68,3.7,2.44,2.99,2.62,3.88,1.94,2.14,2.31,2.26,2.06,2.21,1.95,3.26,2.38,2.26,2.02,2.28,1.87,3.04,2.3,2.65,1.62,3.03,2.47,3.99
2.21,1.61,2.32,2.51,2.63,2.09,2.25,2.93,2.11,2.38,3.27,2.08,2.6,2.44,2.82,2.14,2.64,2.98,6.19,6.67,3.77,2.29,2.75,2.55,3.89,1.98,2.17,2.24,2.3,2.1,2.24,1.97,3.23,2.16,2.31,2.04,2.27,1.89,2.99,2.16,2.65,1.73,3.02,2.45,3.89
2.13,1.65,2.25,2.48,2.63,2.07,2.22,2.91,2.07,2.33,3.23,2.01,2.35,2.39,2.84,2.07,2.62,2.94,6.22,6.68,3.69,2.18,2.69,2.52,3.89,2.02,2.2,2.2,2.28,2.08,2.2,1.95,3.2,2.13,2.4,2.06,2.27,1.71,2.85,2.17,2.66,1.45,2.98,2.44,3.81
2.01,1.62,2.2,2.44,2.61,2.05,2.16,2.89,2.05,2.23,3.19,1.91,2.28,2.36,2.84,2.09,2.49,2.88,6.28,6.68,3.64,2.16,2.73,2.49,3.86,2.05,2.17,2.12,2.25,2.06,2.17,1.91,3.13,2.07,2.38,1.89,2.25,2.66,2.74,2.11,2.72,1.4,2.92,2.42,3.71
1.73,1.56,2.14,2.36,2.6,2.01,2.09,2.84,1.97,2.18,3.12,1.77,2.22,2.32,2.83,2.06,2.37,2.8,6.27,6.69,3.61,2.14,2.76,2.45,3.84,2.03,2.17,2.0,2.2,2.03,2.11,1.87,3.01,1.93,2.36,1.9,2.24,2.64,2.64,2.05,2.76,1.37,2.85,2.4,3.62
1.6,1.52,2.03,1.29,2.53,1.89,1.96,2.79,1.9,2.18,3.04,1.75,2.21,2.23,2.82,2.02,2.26,2.7,6.27,6.68,3.59,2.04,2.73,2.4,3.77,1.95,2.1,1.92,2.1,1.93,2.06,1.8,2.94,1.87,2.31,1.86,2.17,2.64,2.61,2.02,2.69,1.44,2.82,2.35,3.59
1.51,1.43,1.98,2.21,2.48,1.8,1.87,2.69,1.81,2.13,3.02,1.7,2.15,2.14,2.8,2.01,2.24,2.63,6.25,6.67,3.57,2.03,2.7,2.33,3.7,1.88,2.05,1.97,2.0,1.84,2.0,1.78,2.86,1.84,2.28,1.85,2.16,2.57,2.59,2.03,2.6,1.31,2.73,2.29,3.5
1.47,1.39,1.96,2.13,2.44,1.74,1.86,2.73,1.8,2.08,3.0,1.69,2.14,2.09,2.79,1.99,2.21,2.56,6.25,6.66,3.55,2.0,2.69,2.22,3.64,1.85,1.99,2.04,1.96,1.73,1.91,1.72,2.81,1.78,2.27,1.81,2.13,2.52,2.59,1.98,2.55,1.24,2.67,2.24,3.42
1.43,1.34,1.84,2.05,2.39,1.74,1.81,2.73,1.77,2.06,2.97,1.59,2.08,2.09,2.81,2.0,2.2,2.49,6.25,6.63,3.56,2.05,2.69,2.17,3.59,1.83,1.95,2.07,1.92,1.69,1.8,1.66,2.77,1.76,2.16,1.79,2.11,2.44,2.58,1.97,2.51,1.24,2.65,2.22,3.41
1.4,1.31,1.72,2.0,2.46,1.72,1.76,2.69,1.73,2.01,2.93,1.5,2.01,2.06,2.79,1.95,2.14,2.42,6.26,6.62,3.54,2.01,2.67,2.1,3.54,1.76,1.87,2.09,1.87,1.65,1.71,1.62,2.73,1.74,2.17,1.72,2.09,2.44,2.56,1.96,2.47,1.23,2.56,2.19,3.41
1.35,1.26,1.86,1.94,2.5,1.7,1.68,2.69,1.65,1.95,2.9,1.33,1.89,2.04,2.76,1.92,2.04,2.34,6.27,6.61,3.49,1.94,2.67,2.01,3.44,1.7,1.85,2.11,1.8,1.59,1.67,1.55,2.67,1.73,2.14,1.67,2.09,2.4,2.55,1.96,2.46,1.18,2.53,2.17,3.39
1.06,1.0,1.87,1.81,2.17,1.52,1.56,3.19,0.91,1.88,2.6,1.31,1.88,1.69,2.73,1.91,2.04,2.27,6.27,6.6,3.39,1.46,2.47,1.62,3.0,1.55,1.47,1.7,1.62,1.59,1.65,1.18,2.66,1.43,2.13,1.51,2.01,2.28,2.46,1.82,2.44,0.58,2.48,2.4,3.28
0.8,0.73,1.89,1.1,1.73,1.62,0.96,2.73,0.57,1.83,1.95,1.38,1.86,1.42,2.7,1.88,1.93,1.82,6.28,6.59,3.34,1.42,1.58,1.3,2.89,1.05,1.42,1.62,1.5,1.6,1.5,1.14,2.71,1.46,2.1,1.51,1.95,2.15,2.34,1.87,2.46,0.3,2.36,2.42,3.04
0.87,0.73,1.87,1.14,1.55,1.77,0.66,2.29,0.77,1.78,2.12,0.96,1.27,0.82,2.66,2.0,1.79,1.69,6.3,6.56,3.19,1.38,1.57,1.38,2.54,0.35,1.27,1.58,1.41,1.49,1.5,0.84,2.79,1.4,1.64,0.26,1.98,2.17,2.37,1.94,2.32,0.26,1.73,2.44,2.82
0.96,0.76,1.08,1.26,1.67,1.82,0.76,2.32,0.91,1.6,2.3,0.81,0.89,1.02,2.65,2.03,1.63,1.84,6.31,6.57,1.92,1.29,1.41,1.47,2.35,0.93,1.36,1.53,1.27,1.29,1.05,0.99,2.57,0.61,1.79,0.47,0.49,1.69,2.38,2.0,1.56,0.6,1.25,2.25,2.72
1.05,0.55,1.12,1.16,1.87,1.78,0.36,2.49,0.86,1.54,2.36,0.79,1.14,1.28,2.64,2.16,1.47,1.93,6.33,6.56,1.96,1.31,1.44,1.53,2.49,1.22,1.44,1.4,1.13,1.44,0.9,1.12,2.05,0.72,1.84,0.97,0.53,1.76,2.52,2.02,1.78,0.74,1.31,2.76,2.64
1.12,0.52,0.23,1.09,1.17,1.65,0.18,2.54,0.62,1.4,2.43,1.07,1.26,1.08,2.63,2.15,1.41,2.02,6.34,6.54,2.05,1.38,1.56,1.68,2.54,1.52,1.5,1.43,0.9,1.09,0.95,1.2,2.14,1.04,1.85,1.24,0.59,1.82,2.52,2.08,1.99,0.78,1.4,2.91,2.7
0.87,0.6,1.02,1.34,1.51,1.78,0.36,2.33,0.71,1.48,2.05,1.22,1.35,1.26,2.7,2.16,1.51,1.59,6.34,6.52,2.29,1.43,1.47,1.72,2.75,1.61,1.57,1.48,0.97,0.99,0.7,1.01,2.2,0.85,1.73,1.21,0.68,1.85,2.47,2.02,2.55,0.96,1.67,2.64,2.71
0.75,0.89,1.21,1.19,1.72,1.53,0.26,2.27,0.89,1.43,2.18,1.33,1.39,1.39,2.8,2.24,1.65,1.66,6.35,6.51,2.47,1.3,1.53,1.44,2.9,1.7,1.69,1.44,1.08,1.04,0.93,0.93,2.1,0.61,1.4,1.49,0.78,1.91,2.52,1.95,2.43,1.08,1.87,2.58,2.72
0.89,0.93,1.04,1.31,1.57,1.62,0.36,2.75,0.97,1.38,2.1,1.39,1.6,1.31,2.9,2.33,1.82,1.81,6.35,6.51,2.58,1.22,1.56,1.51,2.96,1.25,1.81,1.37,1.19,0.74,1.0,0.91,2.3,0.56,1.59,1.47,0.87,2.03,2.55,1.92,2.36,1.14,1.96,2.57,2.75
0.97,0.94,1.16,1.4,1.75,1.67,0.46,2.78,1.11,1.38,1.97,1.26,1.67,1.18,3.01,2.37,1.96,1.95,6.36,6.5,2.34,1.27,1.64,1.62,3.01,1.48,1.72,1.31,0.9,1.14,1.02,1.2,2.23,0.77,1.63,1.51,1.01,2.12,2.38,1.89,2.32,1.24,2.08,2.66,3.02
0.72,0.95,1.28,1.47,1.88,1.7,0.48,3.44,1.24,1.45,2.21,1.14,1.51,1.42,3.05,2.4,1.83,1.54,6.37,6.49,2.14,1.3,1.67,1.34,3.04,1.59,1.83,1.26,0.98,1.19,1.05,1.26,2.23,0.93,1.65,1.47,1.13,2.18,2.44,1.85,2.33,1.41,2.29,2.74,3.06
0.83,1.06,1.37,1.28,2.02,1.73,0.49,3.11,0.94,1.28,2.27,0.97,1.45,1.48,3.05,2.42,1.42,1.69,6.38,6.49,2.12,1.31,1.52,1.45,3.08,1.72,1.94,1.23,1.06,1.24,1.09,1.07,2.13,1.09,1.66,1.48,1.25,2.25,2.48,1.82,2.31,1.53,1.88,2.77,3.06
0.93,1.03,1.28,1.37,1.68,1.92,0.36,3.24,0.63,1.45,2.09,1.01,1.64,1.3,3.03,2.52,1.57,1.94,6.37,6.5,2.25,1.39,1.6,1.51,2.98,1.59,1.96,1.44,1.15,1.29,1.06,1.24,2.17,1.4,1.78,1.52,1.32,2.33,2.49,1.96,2.28,1.37,1.83,2.76,2.85
1.02,0.79,0.48,1.46,1.89,2.12,0.46,3.34,1.0,1.53,2.3,1.08,1.83,1.49,3.03,2.63,1.6,2.09,6.39,6.51,2.33,1.41,1.68,1.47,2.88,1.32,2.01,1.39,1.27,1.44,1.06,1.41,2.38,1.53,1.85,1.67,1.33,2.35,2.51,1.98,2.26,0.58,2.0,2.7,2.64
1.13,1.03,1.27,1.08,1.92,2.27,0.51,3.14,1.31,1.28,2.68,1.15,1.91,1.72,3.0,2.64,1.66,2.26,6.4,6.51,2.34,1.5,1.76,1.18,2.78,1.4,2.07,1.27,1.39,1.59,1.04,1.05,2.57,1.57,1.97,1.8,1.39,1.96,2.54,1.99,2.24,0.88,2.15,2.69,2.67
0.8,0.95,1.33,1.16,2.01,2.51,0.66,3.29,1.06,1.43,2.47,1.24,1.98,1.95,3.0,2.66,1.82,1.88,6.4,6.53,2.38,1.65,1.87,1.3,2.86,1.48,2.04,1.2,1.0,1.29,1.01,1.26,2.16,1.14,1.89,1.22,1.15,1.84,2.59,1.95,1.99,1.15,2.18,2.46,2.71
0.89,1.17,1.4,1.29,2.18,2.22,0.46,3.34,1.01,1.57,2.44,1.29,1.9,1.56,2.98,2.67,1.74,2.02,6.41,6.54,2.09,1.56,1.98,1.37,3.0,1.61,1.82,1.29,1.11,1.49,0.9,1.24,1.98,0.97,1.53,1.09,0.81,1.78,2.62,1.87,1.94,1.56,1.91,2.34,2.76
0.97,1.34,1.56,1.4,2.43,2.32,0.56,3.39,1.1,1.75,2.42,1.27,1.85,1.67,2.99,2.69,1.68,2.18,6.42,6.55,1.91,1.55,2.12,1.43,3.14,1.72,1.91,1.31,1.27,1.76,1.01,1.35,2.31,0.95,1.47,1.03,0.89,1.67,2.61,1.84,1.91,1.63,1.97,2.55,2.76
1.02,1.39,0.81,1.25,1.91,2.39,0.71,3.11,1.18,1.78,2.52,1.34,1.46,1.76,3.0,2.66,1.87,2.24,6.4,6.56,1.69,1.64,2.2,1.47,3.25,1.59,1.96,1.4,1.33,1.49,1.07,1.08,2.42,1.03,1.71,1.05,1.1,1.85,2.55,1.72,1.94,1.68,2.06,2.63,2.65
1.08,1.44,1.24,1.32,2.06,2.48,0.51,3.09,1.16,1.98,2.55,0.98,1.66,1.8,3.06,2.68,1.74,2.31,6.42,6.57,1.65,1.47,1.99,1.51,3.32,1.52,1.99,1.43,1.4,1.59,1.12,1.16,1.97,1.0,1.79,1.3,0.97,1.91,2.07,1.66,1.8,1.7,2.13,2.56,2.55
1.16,1.47,1.33,1.39,2.2,2.51,0.56,3.05,1.3,2.15,2.57,1.03,1.71,1.57,3.07,2.68,1.92,2.37,6.43,6.6,1.92,1.48,2.05,1.55,3.35,1.58,2.05,1.35,1.48,1.59,1.2,1.3,2.14,0.95,1.83,1.29,0.98,1.89,2.43,1.62,1.84,1.73,2.25,2.69,2.72
1.19,1.51,1.42,1.45,2.37,2.55,0.57,3.25,1.36,2.34,2.61,1.05,1.83,1.37,3.09,2.72,1.95,2.43,6.47,6.62,2.09,1.59,2.1,1.6,3.39,1.66,2.12,1.27,1.53,1.39,1.16,1.7,2.07,1.18,1.85,1.35,1.2,1.84,2.52,1.56,1.2,1.79,2.33,2.78,2.76
1.1,1.42,1.07,1.4,2.21,2.57,0.58,3.04,1.51,2.42,2.67,1.2,1.89,1.46,3.1,2.72,2.03,2.34,6.51,6.62,2.15,1.79,2.25,1.57,3.46,1.61,2.07,1.16,1.44,1.29,1.09,1.55,2.56,1.22,1.9,1.46,1.35,2.07,2.64,1.52,1.21,1.72,2.61,2.88,2.84
1.13,1.48,1.26,1.46,2.31,2.62,0.66,2.99,1.59,2.28,2.72,1.39,1.91,1.55,3.1,2.71,2.1,2.41,6.53,6.63,2.25,1.84,2.31,1.59,3.53,1.69,2.1,1.13,1.5,1.23,1.14,1.49,2.14,1.35,1.92,1.64,1.43,2.15,2.65,1.5,1.51,1.94,2.57,2.91,3.02
1.17,1.57,1.33,1.63,2.53,2.71,0.67,2.98,1.64,1.79,2.8,1.57,1.44,1.73,3.06,2.71,2.2,2.44,6.47,6.62,2.55,1.95,2.3,1.64,3.74,1.6,2.1,1.2,1.6,1.09,1.2,1.55,2.05,1.4,1.94,1.78,1.49,2.12,2.67,1.62,2.96,1.97,2.63,2.89,3.17
1.22,1.6,1.48,1.74,2.4,2.77,0.69,3.04,1.69,1.98,2.83,1.58,1.76,1.8,3.07,2.73,2.24,2.46,6.46,6.61,2.68,2.01,2.41,1.8,3.84,1.55,2.12,1.24,1.49,0.99,1.27,1.64,2.2,1.47,1.93,1.88,1.49,2.03,2.68,1.65,3.0,1.82,2.73,2.92,3.27
1.28,1.69,1.58,1.87,2.47,2.84,0.7,3.02,1.75,2.15,2.88,1.65,1.96,2.01,3.1,2.74,2.32,2.49,6.44,6.6,2.98,2.01,2.48,1.96,3.94,1.58,2.14,1.32,1.55,0.99,1.35,1.7,2.32,1.48,1.95,1.89,1.55,2.0,2.69,1.68,3.01,1.92,2.76,2.95,3.28
1.35,1.82,1.67,2.01,2.56,2.92,0.73,2.97,1.35,2.34,2.82,1.67,2.09,2.18,3.1,2.75,2.35,2.53,6.42,6.59,3.27,2.15,2.54,2.1,3.54,1.62,2.17,1.45,1.63,1.14,1.4,1.85,2.45,1.56,2.0,1.81,1.57,2.13,2.72,1.72,3.02,2.01,2.78,2.97,3.33
1.23,1.89,1.55,2.1,2.59,2.77,0.76,2.95,0.83,2.42,2.78,1.73,2.05,1.77,3.13,2.75,2.39,2.59,6.42,6.6,3.29,2.18,2.65,2.25,3.04,1.65,2.08,1.58,1.7,1.29,1.49,1.76,2.17,1.62,2.16,1.93,1.58,2.17,2.74,1.77,3.05,2.1,2.81,3.0,3.32
1.18,1.95,1.82,2.18,2.65,2.67,0.66,2.91,0.32,2.28,2.75,1.97,2.01,1.29,3.14,2.77,2.47,2.65,6.43,6.6,3.38,2.27,2.7,2.2,2.54,1.69,2.01,1.66,1.76,1.39,1.53,1.59,2.52,1.71,2.19,1.94,1.66,2.25,2.74,2.0,3.05,2.07,2.85,3.02,3.28
0.87,1.59,2.06,1.91,2.56,1.97,0.46,2.49,0.11,1.98,1.98,1.82,1.99,0.62,2.83,2.78,0.87,2.69,6.43,6.57,3.39,2.11,2.58,1.8,2.24,1.35,1.57,1.39,1.5,1.29,1.41,1.41,2.45,1.86,2.2,1.97,1.67,2.31,2.77,1.92,3.04,1.68,2.59,3.03,3.27
0.72,1.39,1.51,1.46,2.14,1.02,0.63,2.54,0.42,1.98,1.63,1.73,1.94,0.68,2.85,2.8,0.75,2.75,6.41,6.51,3.41,1.88,2.39,1.4,2.09,0.85,1.37,1.41,1.1,1.29,1.22,1.16,2.53,1.87,2.24,2.01,1.47,2.39,2.79,1.88,2.86,0.98,2.38,3.03,3.13
0.69,1.13,1.11,1.46,1.47,0.82,0.58,1.89,0.28,1.68,1.65,1.24,2.05,0.8,2.85,2.67,0.7,2.43,6.39,6.48,3.44,1.34,1.38,1.1,1.94,0.21,1.17,1.43,0.85,1.19,0.3,0.86,2.66,1.72,2.26,2.0,1.04,2.44,2.6,1.76,2.84,0.62,2.09,2.98,3.11
0.72,0.68,1.56,1.23,0.66,0.76,0.12,1.84,0.27,1.48,1.71,1.14,2.03,0.91,2.86,2.53,0.64,1.94,6.38,6.44,3.36,1.12,1.21,0.92,1.79,0.25,1.08,1.45,0.63,0.99,0.13,0.78,2.47,1.38,1.71,1.61,0.84,2.13,2.5,1.72,2.7,0.65,1.09,2.63,3.1
0.74,0.34,0.22,1.28,0.83,0.77,0.13,1.82,0.07,1.38,1.78,1.07,1.0,0.97,2.86,2.45,0.71,1.73,6.37,6.43,3.21,0.99,0.69,0.75,1.79,0.28,1.11,1.48,0.47,0.79,0.17,0.66,2.17,1.03,1.53,1.36,0.87,1.76,2.13,1.54,2.31,0.7,0.98,2.59,2.71
0.77,0.25,0.28,1.31,0.99,0.83,0.21,1.81,0.14,1.58,1.96,0.89,0.65,1.02,2.87,2.44,0.84,1.49,6.36,6.42,1.79,0.61,0.8,0.77,1.81,0.32,1.14,1.52,0.5,0.79,0.22,0.69,2.17,0.86,1.18,0.93,0.59,1.18,1.9,1.46,1.95,0.87,0.83,2.58,3.21
0.72,0.18,0.34,1.33,1.03,0.92,0.23,1.84,0.27,1.38,1.83,0.31,0.46,1.04,2.85,1.83,0.87,1.41,6.35,6.42,1.71,0.66,0.87,0.55,1.89,0.35,1.14,1.33,0.5,0.69,0.3,0.67,1.59,0.72,0.82,0.87,0.63,0.87,1.95,1.22,1.84,0.98,0.86,2.57,2.06
0.74,0.22,0.38,1.36,1.12,1.06,0.25,1.86,0.4,1.43,1.78,0.4,0.7,1.07,2.84,1.94,0.94,1.43,6.34,6.41,1.56,0.71,0.85,0.5,1.95,0.41,1.16,1.01,0.51,0.59,0.36,0.58,1.65,0.84,0.84,1.11,0.69,1.02,2.01,1.31,1.83,1.05,0.91,2.59,2.13
0.76,0.26,0.46,1.38,1.15,1.15,0.27,1.89,0.48,1.48,1.8,0.41,0.6,1.09,2.84,2.0,1.02,1.48,6.33,6.41,1.58,0.74,0.55,0.53,2.04,0.49,1.19,0.83,0.53,0.59,0.43,0.58,1.81,0.89,1.08,1.13,0.76,1.03,2.04,1.4,1.93,0.18,0.95,2.65,2.5
0.77,0.29,0.51,1.42,1.19,1.27,0.3,2.14,0.55,1.51,1.82,0.45,0.01,1.11,2.87,2.13,1.07,1.54,6.34,6.42,1.61,0.8,0.7,0.57,2.14,0.54,1.23,0.67,0.55,0.64,0.49,0.63,1.88,1.0,1.13,1.2,0.78,1.08,2.12,1.48,1.96,0.25,1.0,2.7,2.51
0.79,0.33,0.57,1.45,1.21,1.29,0.35,2.3,0.64,1.56,1.84,0.48,0.13,1.14,2.88,2.19,1.12,1.58,6.36,6.44,1.65,0.81,0.78,0.61,2.22,0.6,1.27,0.86,0.59,0.69,0.54,0.69,1.96,1.04,1.14,1.23,0.87,1.13,2.15,1.53,2.01,0.44,1.04,2.76,2.55
0.79,0.37,0.63,1.5,1.24,1.33,0.39,2.33,0.73,1.61,1.88,0.51,0.32,1.17,2.9,2.21,1.16,1.61,6.39,6.45,1.69,0.84,0.86,0.66,2.29,0.65,1.32,1.0,0.63,0.79,0.6,0.74,2.02,1.11,1.19,1.28,0.94,1.15,2.2,1.55,2.04,0.64,1.06,2.8,2.56
0.87,0.47,0.65,1.53,1.3,1.8,0.41,1.95,0.82,1.68,2.03,0.54,0.47,1.26,2.9,2.24,1.17,1.69,6.4,6.56,1.86,0.84,0.9,0.67,2.34,0.8,1.39,1.08,0.77,0.89,0.69,0.77,2.04,1.14,1.27,1.34,0.94,1.2,2.28,1.61,2.05,0.68,1.11,2.81,2.57
0.99,0.53,0.82,1.58,1.38,1.6,0.46,1.97,0.95,1.73,2.2,0.54,0.58,1.37,2.91,2.26,1.2,1.77,6.42,6.58,2.0,0.85,0.91,0.69,2.39,0.92,1.46,1.16,0.85,0.99,0.8,0.81,2.13,1.17,1.33,1.34,1.05,1.33,2.39,1.62,2.06,0.76,1.18,2.83,2.6
1.05,0.69,1.28,1.6,1.42,1.75,0.52,2.04,1.09,1.78,2.34,0.57,0.62,1.49,2.94,2.28,1.22,1.85,6.44,6.59,2.12,0.85,0.98,0.76,2.46,1.08,1.52,1.22,0.9,1.04,0.92,0.91,2.19,1.24,1.41,1.46,1.07,1.37,2.44,1.67,2.08,0.82,1.24,2.86,2.61
0.21,0.86,1.34,1.62,1.48,1.97,0.6,2.27,0.17,1.82,2.45,0.59,0.69,1.58,2.95,2.29,1.28,1.93,6.45,6.6,2.41,0.86,1.23,0.94,2.54,1.15,1.58,1.27,0.95,1.13,0.99,0.99,2.27,1.34,1.5,1.54,1.1,1.41,2.52,1.69,2.12,0.85,1.33,2.86,2.75
0.35,0.96,1.4,1.65,1.52,2.15,0.71,2.04,0.31,1.88,2.56,0.68,0.74,1.7,2.95,2.29,1.37,1.99,6.47,6.61,2.68,0.87,1.43,1.3,2.65,1.22,1.65,1.3,0.98,1.2,1.05,1.05,2.37,1.39,1.56,1.58,1.14,1.48,2.55,1.83,2.13,0.9,1.47,2.87,2.87
0.44,1.09,1.47,1.7,1.56,2.31,0.84,2.17,0.4,1.96,2.61,0.75,0.81,1.86,2.96,2.3,1.42,2.05,6.5,6.61,2.77,0.88,1.56,1.34,2.79,1.29,1.72,1.35,1.0,1.29,1.13,1.1,2.44,1.5,1.58,1.79,1.16,1.58,2.58,2.04,2.16,0.93,1.55,2.87,3.01
1.48,1.22,1.55,1.8,1.78,2.37,0.96,2.23,1.52,1.99,2.68,0.78,0.83,1.89,2.98,2.3,2.21,2.08,6.51,6.6,2.78,0.96,1.38,1.4,2.9,1.4,1.8,1.55,1.18,1.34,1.25,1.24,2.51,1.52,1.6,1.84,1.25,1.7,2.6,2.05,2.17,1.4,1.57,2.12,3.06
1.52,1.38,1.79,1.89,1.91,2.48,1.1,2.35,1.56,2.01,2.71,0.84,0.89,1.96,3.01,2.31,2.14,2.11,6.54,6.62,2.92,1.04,1.41,1.48,3.01,1.51,1.88,1.67,1.32,1.39,1.36,1.35,2.6,1.54,1.61,1.86,1.29,1.8,2.7,2.09,2.21,1.41,1.61,2.21,3.05
1.57,1.53,2.04,1.97,1.98,2.56,1.23,2.43,1.71,2.03,2.77,0.92,0.96,2.03,3.02,2.32,2.28,2.16,6.53,6.62,2.94,1.11,1.45,1.53,3.23,1.63,1.97,1.75,1.41,1.46,1.43,1.51,2.68,1.55,1.74,1.88,1.38,1.86,2.77,2.11,2.23,1.42,1.66,2.2,3.07
1.62,1.63,2.06,2.04,2.05,2.63,1.36,2.49,1.83,2.06,2.84,0.94,1.11,2.06,3.03,2.32,2.33,2.19,6.53,6.64,2.94,1.18,1.47,1.61,3.29,1.67,2.01,1.81,1.49,1.53,1.54,1.64,2.77,1.63,1.82,1.95,1.45,1.91,2.82,2.12,2.29,1.42,1.77,2.25,3.1
1.67,1.72,2.07,2.09,2.14,2.71,1.42,2.54,1.85,2.06,2.95,0.97,1.15,2.13,3.03,2.32,2.36,2.24,6.54,6.65,2.94,1.19,1.48,1.67,3.44,1.73,2.06,1.86,1.6,1.74,1.64,1.68,2.83,1.78,1.86,2.04,1.47,2.0,2.89,2.17,2.3,1.44,1.82,2.3,3.13
1.73,1.82,2.07,2.16,2.22,2.74,1.49,2.59,1.93,2.08,3.04,0.98,1.25,2.19,3.05,2.35,2.4,2.28,6.56,6.66,2.95,1.2,1.61,1.73,3.54,1.77,2.08,1.9,1.68,1.79,1.77,1.76,2.92,1.95,1.85,2.13,1.5,2.03,2.9,2.17,2.34,1.47,1.87,2.35,3.14
1.79,1.93,2.09,2.22,2.26,2.77,1.56,2.64,1.97,2.13,3.09,1.0,1.27,2.23,3.07,2.37,2.42,2.32,6.58,6.67,2.95,1.21,1.64,1.77,3.59,1.82,2.18,1.98,1.74,1.79,1.85,1.8,3.04,2.01,1.84,2.15,1.62,2.03,2.93,2.2,2.36,1.49,2.01,2.4,3.18
1.85,1.98,2.18,2.25,2.35,2.81,1.6,2.72,2.0,2.18,3.16,1.07,1.28,2.29,3.08,2.38,2.45,2.39,6.6,6.67,2.97,1.21,1.72,1.8,3.62,1.86,2.24,2.03,1.81,1.84,1.87,1.83,3.09,2.07,1.83,2.18,1.65,2.06,2.94,2.21,2.36,1.51,2.06,2.41,3.18
1.9,2.06,2.22,2.27,2.38,2.84,1.66,2.69,2.04,2.28,3.2,1.08,1.32,2.33,3.07,2.41,2.49,2.46,6.56,6.67,2.98,1.22,1.71,1.84,3.64,1.92,2.31,2.05,1.89,1.89,1.91,1.8,3.1,2.13,1.82,2.18,1.68,2.07,2.96,2.21,2.39,1.51,2.1,2.42,3.24
1.96,2.1,2.27,2.31,2.41,2.89,1.69,2.69,2.09,2.3,3.22,1.07,1.33,2.27,3.05,2.44,2.46,2.54,6.53,6.68,2.97,1.23,1.76,1.87,3.69,1.99,2.38,2.07,1.94,1.89,1.93,1.76,3.11,2.16,1.81,2.19,1.69,2.09,3.01,2.0,2.4,1.52,2.11,2.44,3.31
2.01,2.07,2.29,2.34,2.41,2.92,1.73,2.79,2.12,2.36,3.2,1.08,1.39,2.26,3.05,2.45,2.49,2.61,6.53,6.71,2.96,1.27,1.72,1.91,3.74,2.04,2.47,2.09,2.03,1.87,2.0,1.74,3.09,2.14,1.81,2.19,1.73,2.1,3.04,1.95,2.42,1.45,2.11,2.41,3.32
2.04,2.03,2.3,2.36,2.43,2.95,1.77,2.79,2.15,2.38,3.17,1.24,1.51,2.24,3.04,2.42,2.5,2.7,6.49,6.72,2.96,1.33,1.75,1.94,3.79,2.09,2.57,2.1,2.11,1.84,2.05,1.72,3.08,2.13,1.79,2.22,1.76,2.1,3.04,1.95,2.41,1.32,2.08,2.37,3.31
2.05,2.01,2.32,2.38,2.44,2.93,1.77,2.79,2.16,2.37,3.14,1.32,1.51,2.22,3.04,2.41,2.51,2.69,6.49,6.71,2.96,1.34,1.76,1.71,3.84,2.08,2.55,2.09,2.09,1.81,2.03,1.7,3.06,2.13,1.8,2.23,1.87,2.11,3.07,1.97,2.44,1.21,2.02,2.38,3.3
2.02,1.99,2.31,2.35,2.42,2.92,1.76,2.74,2.14,2.35,3.11,1.45,1.52,2.19,3.03,2.4,2.6,2.67,6.48,6.71,2.99,1.44,1.75,1.88,3.83,2.06,2.53,2.07,2.05,1.78,2.0,1.68,3.04,2.11,1.8,2.23,1.95,2.04,3.08,1.98,2.45,1.18,2.03,2.4,3.3
2.0,1.97,2.29,2.33,2.39,2.88,1.74,2.74,2.08,2.31,3.1,1.4,1.48,2.16,2.98,2.25,2.51,2.64,6.45,6.69,2.92,1.42,1.85,1.84,3.8,2.04,2.5,2.03,2.0,1.74,1.97,1.64,2.99,2.07,1.77,2.2,1.92,1.99,3.03,1.94,2.41,1.23,2.0,2.37,3.29
1.97,1.92,2.24,2.28,2.33,2.82,1.7,2.74,2.04,2.26,3.08,1.23,1.45,2.12,2.97,2.19,2.49,2.59,6.42,6.68,2.89,1.41,1.89,1.8,3.74,1.99,2.46,1.99,1.95,1.7,1.91,1.6,2.91,2.06,1.74,2.17,1.91,1.95,3.01,1.93,2.37,1.22,1.98,2.34,3.27
1.9,1.88,2.2,2.22,2.28,2.77,1.66,2.69,1.97,2.2,3.05,1.2,1.43,2.06,2.96,2.05,2.45,2.52,6.36,6.66,2.85,1.38,1.92,1.73,3.67,1.95,2.4,1.95,1.9,1.65,1.88,1.55,2.73,2.03,1.66,2.12,1.88,1.92,3.04,1.92,2.35,1.2,1.93,2.33,3.25
1.85,1.82,2.15,2.15,2.22,2.72,1.6,2.79,1.91,2.16,3.03,1.19,1.37,1.99,2.96,2.01,2.38,2.47,6.27,6.63,2.86,1.35,2.01,1.64,3.62,1.89,2.32,1.87,1.83,1.59,1.82,1.47,2.61,2.02,1.65,2.1,1.83,1.87,3.04,1.89,2.32,1.19,1.92,2.28,3.23
1.8,1.78,2.1,2.11,2.14,2.69,1.56,2.79,1.85,2.12,3.0,1.2,1.42,1.94,2.88,2.0,2.39,2.45,6.38,6.63,2.86,1.32,2.0,1.6,3.57,1.85,2.28,1.83,1.8,1.57,1.8,1.45,2.4,1.99,1.66,2.06,1.84,1.84,2.9,1.88,2.25,1.21,1.95,2.3,3.21
1.74,1.73,2.04,2.05,2.09,2.64,1.51,2.74,1.8,2.07,2.94,1.16,1.44,1.91,2.88,1.99,2.39,2.41,6.39,6.62,2.84,1.31,1.98,1.55,3.54,1.82,2.25,1.8,1.76,1.51,1.77,1.41,2.48,1.98,1.64,2.05,1.81,1.83,2.86,1.87,2.22,1.26,1.94,2.29,3.18
1.68,1.7,1.99,1.99,2.04,2.6,1.45,2.74,1.73,2.0,2.88,1.12,1.59,1.85,2.87,1.94,2.35,2.37,6.4,6.6,2.8,1.31,1.89,1.5,3.5,1.76,2.21,1.75,1.71,1.46,1.72,1.37,2.45,1.97,1.62,2.01,1.79,1.8,2.78,1.84,2.16,1.25,1.92,2.46,3.16
1.6,1.67,1.95,1.95,2.01,2.57,1.41,2.64,1.65,1.98,2.85,1.14,1.79,1.81,2.85,1.95,2.21,2.32,6.38,6.57,2.89,1.3,1.9,1.47,3.5,1.73,2.18,1.71,1.69,1.44,1.69,1.35,2.28,1.89,1.62,1.9,1.83,1.81,2.74,1.81,2.16,1.23,1.92,2.45,3.12
1.54,1.47,1.91,1.91,1.96,2.53,1.35,2.54,1.57,1.96,2.83,1.16,1.92,1.76,2.81,1.91,2.16,2.28,6.36,6.57,2.85,1.31,1.87,1.42,3.47,1.69,2.15,1.66,1.61,1.4,1.65,1.32,2.38,1.89,1.61,1.86,1.82,1.78,2.65,1.79,2.17,1.22,1.88,2.45,3.09
1.19,1.33,1.86,1.65,1.83,2.42,1.16,2.39,1.29,1.79,2.78,1.17,2.05,1.48,2.8,1.87,2.13,2.1,6.34,6.56,2.86,1.28,1.85,1.35,3.44,1.55,1.99,1.52,1.53,1.37,1.6,1.24,2.47,1.88,1.61,1.82,1.8,1.76,2.55,1.78,2.16,1.18,1.84,2.6,3.05
1.11,1.11,1.81,1.08,1.75,2.17,0.56,2.39,0.75,1.78,2.38,1.1,2.05,0.85,2.75,1.84,2.13,1.94,6.31,6.54,2.78,1.12,1.58,1.13,3.39,1.37,1.79,1.52,1.43,1.29,1.59,1.05,2.55,1.87,1.43,1.76,1.66,1.72,2.4,1.62,2.18,0.51,1.78,2.34,2.91
1.0,0.85,1.52,0.8,1.36,1.42,0.36,2.91,0.33,1.68,1.98,1.06,2.14,0.89,2.75,1.58,2.14,1.79,6.28,6.52,2.9,1.03,1.47,0.28,3.34,1.0,1.57,1.5,0.6,1.19,1.4,0.84,2.62,1.32,1.29,1.74,1.57,1.69,2.39,1.61,2.2,0.48,1.77,2.48,2.82
0.94,0.77,1.01,1.02,1.34,1.37,0.46,2.74,0.56,1.68,1.76,0.78,1.38,1.19,2.76,2.09,2.31,1.69,6.25,6.52,2.92,1.31,1.36,0.53,2.99,0.3,1.52,1.47,0.65,1.09,1.33,0.74,2.71,1.44,1.32,1.66,1.43,1.46,2.34,1.45,2.16,0.67,1.46,2.6,2.61
0.87,0.59,0.51,1.14,1.46,1.52,0.49,3.29,0.88,1.58,1.81,0.72,1.36,1.39,2.86,2.11,1.39,1.74,6.22,6.51,2.54,1.3,1.26,0.8,2.64,0.47,1.44,1.42,0.7,0.99,1.41,0.82,2.24,1.14,0.96,1.28,0.57,1.57,2.29,1.39,2.21,0.69,1.33,2.64,2.56
0.8,0.64,0.11,1.06,1.61,1.07,0.36,3.39,0.81,1.48,1.77,0.67,1.3,0.96,2.9,1.99,1.24,1.82,6.17,6.49,2.57,1.31,1.19,1.05,2.44,0.59,1.37,1.38,0.85,1.06,1.05,0.99,2.05,0.58,0.88,1.25,0.68,1.62,1.46,1.25,2.27,0.72,1.25,2.7,2.51
0.65,0.57,0.4,0.91,1.25,1.12,0.41,2.43,0.6,1.38,1.75,0.68,1.46,1.05,2.9,1.93,1.06,1.64,6.17,6.48,2.79,1.28,1.09,1.07,2.09,0.88,1.43,1.31,0.8,1.14,0.89,0.84,2.13,0.81,0.89,1.12,0.46,1.68,1.48,1.22,2.26,0.76,1.17,2.76,2.43
0.62,0.59,0.49,0.96,1.41,1.34,0.52,1.94,0.64,1.38,1.98,0.94,1.22,1.17,2.87,1.92,1.17,1.79,6.18,6.47,2.78,1.12,1.86,0.95,2.24,1.12,1.5,0.97,0.75,0.99,0.93,0.91,2.03,0.95,1.02,1.13,0.45,1.6,1.61,1.21,2.09,0.58,1.3,2.55,2.61
0.74,0.67,0.33,1.08,1.66,1.55,0.64,2.39,0.67,1.43,2.26,1.06,1.61,1.29,2.85,1.87,1.61,1.96,6.2,6.46,2.72,1.03,0.7,1.1,2.41,1.17,1.27,1.03,0.89,0.96,1.02,1.03,2.07,1.0,1.08,1.24,0.57,1.15,1.7,1.42,2.22,0.7,1.33,2.43,2.72
0.8,0.5,0.63,0.83,1.37,1.3,0.3,2.71,0.9,1.52,1.89,0.71,1.81,1.04,2.83,1.88,1.28,1.69,6.21,6.46,2.56,0.98,0.88,1.31,2.54,1.26,1.39,1.08,0.97,1.07,1.18,0.77,2.22,1.06,0.91,1.21,0.72,1.22,1.77,1.56,2.31,0.47,1.08,2.75,2.38
0.81,0.57,0.84,0.89,1.4,1.42,0.44,2.94,1.22,1.68,1.97,0.63,1.65,0.94,2.83,1.84,1.14,1.78,6.17,6.44,2.32,0.52,0.92,1.43,2.36,1.35,1.51,1.2,1.15,0.89,0.81,0.86,2.38,0.86,0.87,0.86,0.84,1.4,1.51,1.09,2.2,0.44,1.15,2.64,2.47
0.85,0.72,1.11,1.01,1.42,1.59,0.55,2.96,1.24,1.88,2.1,0.75,1.67,1.0,2.79,2.11,0.89,1.93,6.16,6.44,1.99,0.49,1.05,1.2,2.39,1.43,1.65,1.32,1.29,0.89,0.88,1.03,2.25,0.63,0.59,0.99,0.33,0.92,1.55,1.27,2.1,0.62,1.26,2.66,2.51
0.91,0.97,1.21,1.13,1.65,1.77,0.63,3.44,0.88,1.78,1.82,1.14,1.96,1.11,2.75,2.15,1.01,1.61,6.15,6.44,2.21,0.81,1.28,1.28,2.48,1.5,1.77,1.36,1.0,0.99,0.95,1.1,1.98,0.72,0.88,1.03,0.39,1.1,1.58,1.43,2.02,0.95,1.25,2.71,2.26
0.97,1.03,0.61,1.18,1.79,1.87,0.46,3.59,0.95,1.78,1.9,1.25,1.95,0.79,2.82,2.17,1.3,1.82,6.2,6.43,2.21,0.93,1.51,1.35,2.69,1.59,1.84,1.37,1.06,1.07,1.12,1.16,2.26,0.88,1.26,1.68,0.58,1.15,1.59,1.71,2.07,1.19,1.52,2.72,2.4
1.02,0.93,0.51,1.26,1.97,1.95,0.51,3.54,0.95,1.88,2.01,1.28,1.89,0.95,2.82,2.21,1.43,1.96,6.23,6.45,2.3,1.2,1.62,1.47,2.75,1.67,1.92,1.38,1.15,1.04,1.53,1.22,2.44,0.97,1.43,1.67,0.63,1.2,1.67,1.86,2.13,1.37,1.02,2.84,2.45
1.08,0.93,0.49,1.31,1.88,2.07,0.52,3.29,1.2,1.98,2.06,1.41,1.84,1.03,2.85,2.11,1.66,2.07,6.26,6.46,2.42,1.25,1.6,1.54,2.84,1.4,2.01,1.39,1.23,1.07,1.64,1.28,2.62,1.06,1.42,1.66,0.67,1.36,1.77,2.1,2.18,1.39,1.84,3.03,2.58
0.84,1.24,0.74,1.34,2.11,2.12,0.36,2.94,0.91,2.08,1.94,1.34,2.04,1.12,2.89,1.88,1.92,1.69,6.31,6.48,2.15,1.1,1.33,1.3,2.94,1.49,1.87,1.41,1.34,1.11,1.72,1.35,2.45,0.64,1.29,1.47,0.44,1.49,1.88,2.14,2.17,1.17,1.51,3.1,2.73
0.89,1.46,1.52,1.42,2.16,2.26,0.46,3.29,1.15,1.89,2.0,1.18,2.22,1.27,2.78,1.87,2.19,1.84,6.35,6.48,1.96,1.13,1.37,1.42,3.04,1.61,1.95,1.45,1.11,1.16,1.56,1.22,2.15,0.62,1.53,1.48,0.72,1.5,1.9,1.85,2.1,1.42,1.4,3.02,2.61
0.93,1.6,1.8,1.46,2.4,2.41,0.58,3.32,1.46,1.97,2.06,1.43,2.38,1.38,2.77,1.79,2.36,1.98,6.38,6.49,1.98,1.27,1.44,1.56,3.14,1.72,2.04,1.49,1.25,1.21,1.61,1.28,2.23,1.11,1.68,1.54,0.9,1.64,1.93,1.8,2.15,1.48,1.62,3.05,2.53
1.05,1.65,1.92,1.06,2.58,2.57,0.67,3.46,1.66,2.14,2.21,1.48,2.44,1.09,2.85,1.88,2.4,2.03,6.4,6.52,2.11,1.39,1.69,1.62,3.24,1.8,2.1,1.6,1.33,1.29,1.71,1.35,2.65,1.34,1.87,1.62,1.44,1.95,2.31,2.2,2.22,1.54,1.98,2.97,2.78
1.12,1.42,1.41,1.24,2.67,2.7,0.48,3.53,1.68,2.38,2.1,1.56,2.64,1.17,2.87,2.11,2.55,1.8,6.41,6.54,2.34,1.44,1.82,1.75,3.34,1.61,2.16,1.81,1.41,1.34,1.7,1.45,2.1,1.51,1.98,1.76,1.68,2.03,2.38,2.28,2.21,1.67,2.15,2.92,2.96
1.31,1.53,0.43,1.42,2.26,2.8,0.64,3.33,1.59,2.48,2.01,1.65,2.59,1.29,2.9,2.24,2.71,2.06,6.43,6.54,2.47,1.69,1.38,1.56,3.24,1.7,1.97,1.78,1.52,1.4,1.72,1.22,2.18,1.41,1.84,1.79,1.17,2.15,2.62,2.17,2.06,1.63,1.92,2.93,2.81
1.54,1.61,0.96,1.61,2.3,2.92,0.73,3.24,1.25,2.38,1.93,1.1,2.46,1.4,2.98,1.97,2.41,2.18,6.46,6.54,2.6,1.85,1.36,1.67,3.14,1.79,2.03,1.76,1.64,1.46,1.74,1.32,2.55,1.36,1.55,1.67,1.54,1.87,2.55,2.12,2.16,1.62,1.89,3.07,3.0
1.5,1.56,1.47,1.79,2.39,2.95,0.78,3.05,1.11,2.44,2.1,1.15,2.15,1.51,2.89,1.99,2.08,2.1,6.44,6.55,2.22,1.51,1.56,1.79,3.29,1.85,2.1,1.74,1.6,1.53,1.75,1.39,2.55,1.58,1.8,1.6,1.8,1.74,2.61,2.21,2.32,1.72,2.43,3.12,2.93
1.57,1.68,1.84,2.0,2.44,3.02,0.84,2.97,1.4,2.08,2.21,1.38,2.35,1.57,2.92,1.95,2.3,2.22,6.44,6.55,2.14,1.77,1.91,1.95,3.37,1.97,2.19,1.71,1.71,1.62,1.74,1.53,2.62,1.69,1.82,1.74,1.86,2.09,2.79,2.34,2.37,1.77,2.56,3.16,3.07
1.75,1.75,1.91,2.06,2.46,1.82,0.86,2.99,1.6,2.18,2.27,1.42,2.55,1.68,2.9,1.98,2.11,2.29,6.41,6.54,2.37,1.9,1.94,2.0,3.45,2.03,2.22,1.75,1.74,1.74,1.77,1.55,2.85,1.7,1.84,1.74,1.78,2.24,2.81,2.38,2.4,1.85,2.6,3.15,3.11
1.81,1.85,2.01,2.11,2.49,1.87,0.89,3.09,1.76,2.28,2.32,1.54,2.58,1.79,2.93,2.02,1.76,2.36,6.4,6.53,2.51,2.15,1.95,2.03,3.52,2.08,2.24,1.77,1.77,1.79,1.81,1.59,2.99,1.82,1.81,1.8,1.93,2.31,2.84,2.49,2.45,1.9,2.58,3.1,3.14
1.85,1.97,2.13,2.14,2.53,1.93,0.91,3.14,1.84,2.38,2.46,1.67,2.67,1.85,2.95,2.02,1.93,2.43,6.36,6.53,2.76,2.24,2.07,2.07,3.59,2.12,2.29,1.79,1.8,1.84,1.85,1.62,3.07,1.83,1.73,1.9,2.06,2.28,2.85,2.5,2.62,2.03,2.77,2.97,3.16
1.89,2.11,2.31,2.2,2.57,1.99,0.95,3.14,1.9,2.48,2.58,1.75,2.74,1.91,2.96,2.21,2.23,2.49,6.33,6.51,2.88,2.36,2.2,2.1,3.65,2.17,2.32,1.82,1.84,1.84,1.89,1.66,2.95,2.01,1.67,2.06,2.08,2.27,2.87,2.35,2.76,2.15,2.87,3.03,3.2
1.76,2.17,2.33,1.89,2.61,2.06,1.0,3.14,1.96,2.53,2.74,1.88,2.62,1.96,2.96,2.35,2.3,2.55,6.31,6.51,3.04,2.37,2.39,2.14,3.71,2.23,2.35,1.87,1.9,1.89,1.93,1.7,2.76,2.03,1.76,2.15,1.95,2.34,2.85,2.33,2.71,2.21,2.91,3.02,3.23
1.75,2.09,2.37,1.72,2.65,2.13,1.03,3.09,2.08,2.58,2.95,1.9,2.42,2.01,2.98,2.37,1.81,2.63,6.33,6.51,2.86,2.33,2.29,2.19,3.54,2.1,2.41,1.93,1.95,1.89,1.86,1.74,2.78,1.95,1.91,2.29,1.94,2.16,2.76,2.23,2.49,2.22,2.92,3.01,3.21
1.33,2.24,2.39,1.28,2.81,2.26,1.21,3.04,2.11,2.73,3.2,2.08,1.28,2.42,2.9,2.4,1.56,2.85,6.31,6.5,2.78,2.42,1.65,2.26,3.44,2.22,2.49,2.1,2.03,1.55,1.4,1.95,2.65,2.08,1.97,2.28,1.93,2.18,2.64,2.22,2.39,2.4,2.97,2.87,3.36
1.1,1.6,2.41,1.06,2.96,2.4,1.37,3.04,2.14,2.85,3.42,2.05,1.2,2.59,2.8,2.44,1.31,2.96,6.3,6.49,2.5,2.59,1.61,2.11,2.54,2.32,2.66,2.23,2.09,1.47,1.2,1.85,2.11,2.22,2.03,2.24,1.78,2.19,2.45,2.13,2.12,2.41,2.7,2.74,3.03
1.07,1.53,2.44,0.99,2.96,2.47,1.54,2.99,1.49,2.68,3.44,1.99,0.91,2.54,2.79,2.53,1.35,2.69,6.28,6.49,2.32,2.6,1.36,1.96,2.34,2.4,2.74,2.22,2.12,1.2,0.42,1.57,2.35,2.25,1.81,2.1,1.75,2.12,2.02,1.96,1.83,2.02,2.68,2.99,2.86
1.05,1.38,2.01,0.9,2.77,2.22,1.59,2.49,1.3,2.52,2.37,1.28,0.56,1.99,2.78,2.42,1.08,2.53,6.28,6.48,2.23,2.33,1.08,1.62,2.14,2.37,2.86,2.2,2.16,0.59,0.5,1.3,2.65,2.0,1.75,2.11,1.51,1.19,1.94,1.59,1.71,1.41,1.95,3.12,2.61
1.08,1.13,1.07,0.95,2.51,1.85,1.35,2.44,0.96,2.21,2.1,1.01,0.7,1.78,2.77,2.09,1.04,2.2,6.26,6.48,2.21,1.41,1.08,1.37,2.14,2.15,2.42,2.17,1.9,0.83,0.61,1.05,2.52,1.14,1.1,2.17,1.42,0.95,1.73,1.27,1.48,1.24,1.79,3.08,2.48
1.09,0.66,0.06,1.01,2.01,1.32,0.88,2.09,0.51,1.83,2.01,0.88,0.78,1.45,2.75,2.08,1.0,1.98,6.25,6.46,2.28,0.89,1.09,1.2,2.1,1.6,1.99,2.03,1.64,1.05,0.69,0.74,2.56,0.91,0.82,1.66,1.06,0.86,1.7,1.14,1.46,1.08,1.62,3.03,2.27
0.78,0.34,0.06,1.05,1.57,0.92,0.42,2.64,0.92,1.48,1.97,0.72,0.93,1.11,2.76,2.19,0.74,2.69,6.23,6.47,2.43,1.27,1.14,0.88,2.34,1.21,1.74,1.93,1.47,0.81,0.78,0.7,2.34,0.84,0.68,1.44,0.95,1.02,1.51,1.04,1.85,1.13,1.4,2.73,2.12
0.65,0.23,0.13,1.08,0.82,0.84,0.21,3.22,0.8,1.08,1.95,0.68,0.95,0.97,2.8,1.94,0.82,2.62,6.22,6.48,2.49,1.23,1.17,0.82,2.54,1.0,1.62,1.66,1.36,0.81,0.8,0.56,2.05,0.6,0.77,1.04,0.64,1.33,1.59,0.95,2.36,1.16,0.8,2.49,2.15
0.67,0.41,0.21,1.12,0.91,0.85,0.16,3.24,0.74,0.98,1.9,0.74,0.99,0.99,2.8,1.93,0.91,2.64,6.22,6.48,2.55,1.14,1.25,0.87,2.74,1.04,1.65,1.63,1.28,0.83,0.85,0.54,2.08,0.66,0.85,0.89,0.37,1.58,1.62,1.0,2.76,1.4,0.65,2.32,2.21
0.75,0.33,0.29,1.14,1.09,0.87,0.19,3.32,0.82,1.0,1.92,0.82,1.23,1.01,2.82,1.86,0.98,2.65,6.19,6.49,2.59,0.99,1.07,0.9,2.82,1.06,1.67,1.6,1.3,0.86,0.9,0.58,2.15,0.71,0.91,0.91,0.44,1.72,1.92,1.01,2.78,1.41,0.78,2.33,2.32
0.81,0.32,0.35,1.16,1.13,0.88,0.21,2.72,0.79,1.05,1.94,0.86,1.35,1.05,2.85,1.77,1.0,2.68,6.18,6.5,2.61,0.67,0.98,0.92,2.89,1.1,1.7,1.62,1.33,0.89,0.94,0.64,2.2,0.82,0.99,0.93,0.69,1.83,1.93,1.07,2.77,1.44,0.92,2.35,2.41
0.89,0.35,0.42,1.21,1.18,0.9,0.22,3.34,0.78,1.08,1.97,0.91,1.44,1.11,2.87,1.85,1.02,2.71,6.17,6.5,2.68,0.83,0.86,0.95,2.94,1.13,1.72,1.65,1.36,0.96,0.99,0.68,2.29,0.83,1.14,0.93,0.7,1.85,2.01,1.09,2.8,1.51,0.94,2.45,2.47
0.97,0.1,0.56,1.23,1.26,0.96,0.32,2.14,0.07,1.14,2.0,0.99,1.51,1.17,2.88,1.88,1.3,1.84,6.17,6.51,2.73,0.94,0.88,1.03,2.96,1.15,1.74,1.67,1.36,1.0,1.07,0.75,2.43,0.98,1.16,1.0,0.92,2.04,2.16,1.12,2.83,1.54,1.27,2.51,2.52
1.09,0.22,0.72,1.26,1.42,1.03,0.44,2.12,0.19,1.2,2.01,1.08,1.64,1.22,2.9,1.96,1.44,1.9,6.16,6.52,2.82,1.06,0.89,1.11,3.01,1.17,1.77,1.69,1.38,1.03,1.19,0.82,2.51,1.03,1.19,1.02,1.07,2.1,2.19,1.2,2.84,1.59,1.41,2.56,2.58
1.18,0.37,0.84,1.3,1.51,1.1,0.51,2.12,0.3,1.26,2.1,1.11,1.82,1.26,2.93,1.99,1.51,1.97,6.15,6.54,2.84,1.11,1.03,1.24,3.04,1.21,1.8,1.69,1.39,1.08,1.27,0.91,2.55,1.13,1.22,1.14,1.1,2.13,2.24,1.26,2.85,1.63,1.48,2.65,2.62
1.29,0.49,1.1,1.33,1.58,1.16,0.53,2.16,0.38,1.33,2.19,1.16,1.95,1.33,2.98,2.01,1.64,2.01,6.2,6.55,2.9,1.28,1.2,1.37,3.04,1.34,1.83,1.72,1.41,1.12,1.42,0.99,2.58,1.14,1.37,1.26,1.12,2.13,2.27,1.33,2.96,1.69,1.5,2.66,2.69
1.32,0.63,1.15,1.38,1.66,1.24,0.58,2.21,0.46,1.42,2.36,1.3,2.1,1.37,2.99,2.12,1.7,2.04,6.21,6.55,2.95,1.39,1.28,1.5,3.06,1.42,1.87,1.73,1.43,1.17,1.48,1.1,2.61,1.15,1.64,1.28,1.18,2.18,2.36,1.52,2.98,1.71,1.56,2.66,2.73
1.37,0.77,1.27,1.44,1.72,1.32,0.63,2.24,0.55,1.5,2.48,1.41,2.16,1.41,2.99,2.18,1.77,2.08,6.26,6.58,2.94,1.35,1.48,1.61,3.08,1.51,1.95,1.75,1.46,1.21,1.57,1.23,2.64,1.17,1.69,1.49,1.29,2.19,2.46,1.55,3.0,1.88,1.58,2.7,2.78
1.45,0.88,1.3,1.56,1.96,1.4,0.76,2.35,0.71,1.63,2.6,1.49,2.23,1.57,3.0,2.21,1.93,2.11,6.25,6.57,3.08,1.44,1.52,1.64,3.15,1.55,1.98,1.76,1.5,1.3,1.63,1.27,2.73,1.24,1.73,1.6,1.44,2.25,2.47,1.72,2.99,1.89,1.84,2.66,2.82
1.69,1.0,1.33,1.68,2.06,1.56,0.89,2.39,0.86,1.69,2.71,1.53,2.3,1.8,3.0,2.2,2.1,2.15,6.22,6.57,3.19,1.47,1.53,1.65,3.22,1.6,2.01,1.79,1.53,1.32,1.67,1.28,2.79,1.33,1.77,1.8,1.5,2.4,2.48,1.78,3.01,1.91,1.99,2.65,2.87
1.8,1.14,1.39,1.83,2.27,1.69,0.97,2.42,1.03,1.75,2.78,1.58,2.38,2.01,3.0,2.23,2.17,2.2,6.2,6.56,3.36,1.5,1.56,1.67,3.28,1.64,2.04,1.87,1.57,1.36,1.69,1.33,2.85,1.44,1.82,1.8,1.56,2.54,2.52,1.81,3.01,1.94,2.25,2.63,2.93
2.07,1.23,1.42,1.89,2.29,1.76,1.08,2.54,1.11,1.81,2.87,1.76,2.42,2.1,3.01,2.25,2.24,2.27,6.18,6.54,3.5,1.59,1.79,1.69,3.34,1.68,2.08,1.91,1.61,1.39,1.7,1.35,2.95,1.48,1.85,1.85,1.66,2.66,2.54,1.84,3.02,2.08,2.49,2.62,2.99
2.18,1.38,1.5,1.97,2.31,1.81,1.16,2.59,1.24,1.86,3.0,1.84,2.51,2.16,3.03,2.26,2.29,2.3,6.15,6.54,3.67,1.63,1.92,1.71,3.42,1.71,2.1,2.0,1.68,1.42,1.72,1.37,2.97,1.69,1.89,1.89,1.69,2.7,2.54,1.87,3.04,2.19,2.73,2.63,3.02
2.28,1.44,1.54,2.06,2.31,1.86,1.23,2.64,1.26,1.88,3.06,1.91,2.54,2.18,3.04,2.32,2.33,2.33,6.15,6.54,3.74,1.68,2.07,1.73,3.5,1.76,2.1,2.03,1.71,1.44,1.74,1.41,2.99,1.88,1.91,1.98,1.72,2.72,2.59,1.98,3.05,2.2,2.85,2.64,3.1
2.35,1.74,1.58,2.13,2.46,1.9,1.25,2.64,1.33,1.9,3.14,1.94,2.61,2.2,3.04,2.33,2.36,2.37,6.11,6.53,3.82,1.67,2.1,1.77,3.56,1.78,2.12,2.08,1.74,1.46,1.9,1.44,3.07,1.95,1.93,1.99,1.76,2.74,2.65,2.0,3.05,2.22,2.88,2.65,3.16
2.39,1.82,1.6,2.19,2.5,1.93,1.27,2.69,1.36,1.94,3.16,1.96,2.65,2.23,3.05,2.36,2.4,2.41,6.09,6.53,3.91,1.71,2.11,1.81,3.6,1.8,2.14,2.14,1.77,1.46,1.93,1.49,3.16,1.96,1.94,2.02,1.8,2.83,2.66,2.03,3.05,2.21,2.9,2.66,3.23
2.43,1.89,1.63,2.22,2.5,1.97,1.31,2.69,1.42,1.96,3.19,1.97,2.72,2.27,3.07,2.37,2.43,2.44,6.07,6.52,3.96,1.73,2.18,1.83,3.64,1.83,2.17,2.19,1.79,1.49,1.95,1.5,3.17,2.01,1.97,2.03,1.84,2.85,2.68,2.05,3.08,2.21,2.92,2.68,3.29
2.44,2.0,1.67,2.26,2.54,2.01,1.36,2.79,1.47,2.0,3.21,1.99,2.75,2.29,3.07,2.37,2.46,2.46,6.05,6.52,3.99,1.77,2.23,1.85,3.69,1.85,2.2,2.21,1.82,1.52,1.97,1.53,3.2,2.06,2.05,2.06,1.89,2.89,2.69,2.06,3.09,2.19,2.95,2.68,3.32
2.45,2.06,1.7,2.29,2.56,2.02,1.42,2.84,1.51,2.05,3.23,2.0,2.78,2.33,3.08,2.38,2.49,2.5,6.03,6.52,4.07,1.85,2.25,1.9,3.75,1.87,2.22,2.25,1.85,1.54,2.01,1.55,3.21,2.07,2.1,2.09,1.97,2.93,2.71,2.1,3.11,2.08,2.95,2.69,3.38
2.41,2.13,1.75,2.34,2.62,2.05,1.48,2.84,1.53,2.09,3.25,2.04,2.79,2.49,3.08,2.38,2.48,2.53,6.0,6.52,4.11,1.9,2.34,1.95,3.8,1.89,2.24,2.3,1.88,1.57,2.04,1.59,3.24,2.07,2.12,2.1,2.03,2.94,2.72,2.11,3.13,1.78,2.96,2.7,3.43
2.4,2.14,1.76,2.35,2.62,2.06,1.54,2.96,1.55,2.11,3.25,2.06,2.83,2.51,3.08,2.4,2.47,2.57,5.98,6.51,4.15,2.02,2.37,1.97,3.84,1.95,2.26,2.3,1.9,1.59,2.1,1.6,3.25,2.06,2.16,2.08,2.06,2.96,2.74,2.12,3.11,1.4,2.96,2.72,3.45
2.4,2.15,1.78,2.23,2.64,2.08,1.56,2.89,1.56,2.15,3.27,2.1,2.84,2.52,3.1,2.39,2.44,2.7,5.96,6.51,4.18,2.04,2.39,2.0,3.84,1.98,2.28,2.33,1.9,1.64,2.15,1.62,3.25,2.04,2.23,2.11,2.09,2.96,2.75,2.13,3.1,1.33,2.95,2.74,3.46
2.36,2.13,1.78,2.35,2.62,2.08,1.57,2.89,1.56,2.17,3.27,2.13,2.83,2.52,3.09,2.37,2.42,2.72,5.98,6.5,4.17,2.05,2.4,1.99,3.83,1.98,2.29,2.3,1.88,1.61,2.14,1.61,3.24,2.05,2.18,2.12,2.08,2.91,2.71,2.15,3.07,1.32,2.95,2.75,3.47
2.35,2.11,1.76,2.33,2.6,2.07,1.56,2.81,1.55,2.15,3.2,2.11,2.81,2.49,3.06,2.34,2.42,2.69,5.97,6.48,4.17,1.99,2.43,1.99,3.81,1.95,2.26,2.24,1.85,1.59,2.11,1.59,3.23,2.03,2.19,2.13,2.04,2.89,2.67,2.16,3.05,1.3,2.93,2.76,3.45
2.33,2.09,1.74,2.32,2.57,2.03,1.54,2.69,1.53,2.11,3.11,2.07,2.8,2.46,3.05,2.34,2.42,2.67,5.97,6.46,4.16,1.98,2.43,1.97,3.77,1.93,2.26,2.21,1.81,1.56,2.07,1.56,3.18,2.0,2.16,2.14,1.99,2.85,2.68,2.17,3.04,1.3,2.92,2.77,3.43
2.28,2.06,1.71,2.29,2.53,2.0,1.48,2.69,1.48,2.08,3.07,2.05,2.78,2.4,3.01,2.33,2.37,2.63,5.95,6.46,4.14,1.95,2.42,1.95,3.73,1.87,2.21,2.13,1.76,1.53,2.02,1.53,3.12,1.99,2.11,2.18,1.99,2.86,2.68,2.18,3.05,1.28,2.92,2.79,3.39
2.26,2.03,1.69,1.27,2.51,1.97,1.45,2.68,1.45,2.06,3.03,2.03,2.76,2.35,3.0,2.32,2.38,2.59,5.96,6.45,4.11,1.84,2.39,1.93,3.7,1.85,2.18,2.07,1.72,1.5,2.0,1.49,3.05,1.95,2.1,2.16,2.0,2.84,2.64,2.14,3.03,1.28,2.9,2.73,3.37
2.22,2.0,1.66,1.24,2.5,1.95,1.41,2.66,1.42,2.02,2.96,1.99,2.75,2.31,3.0,2.32,2.34,2.56,5.97,6.44,4.06,1.82,2.35,1.9,3.65,1.82,2.15,2.03,1.69,1.46,1.97,1.44,3.02,1.91,2.1,2.15,1.94,2.83,2.62,2.13,3.02,1.22,2.88,2.72,3.33
2.18,1.95,1.62,1.21,2.47,1.9,1.36,2.64,1.39,1.97,2.92,2.0,2.72,2.25,2.99,2.29,2.34,2.51,5.95,6.44,3.99,1.79,2.34,1.84,3.61,1.77,2.11,2.01,1.65,1.41,1.92,1.39,2.99,1.87,2.08,2.19,1.94,2.8,2.6,2.1,2.97,1.23,2.87,2.72,3.27
2.12,1.92,1.59,1.15,2.44,1.85,1.35,2.64,1.33,1.95,2.9,2.0,2.69,2.22,2.97,2.27,2.33,2.51,5.93,6.45,3.98,1.75,2.33,1.81,3.46,1.74,2.07,1.93,1.61,1.39,1.88,1.38,2.99,1.76,2.06,2.09,1.94,2.74,2.59,2.09,2.96,1.24,2.81,2.7,3.23
2.06,1.88,1.56,1.11,2.39,1.81,1.33,2.64,1.21,1.92,2.89,1.96,2.69,2.18,2.95,2.24,2.32,2.47,5.91,6.45,3.95,1.75,2.32,1.79,3.34,1.71,2.0,1.86,1.57,1.35,1.82,1.35,2.95,1.74,2.06,2.06,1.91,2.72,2.56,2.07,2.94,1.25,2.79,2.67,3.19
2.0,1.82,1.51,1.04,2.33,1.74,1.28,2.62,1.04,1.88,2.89,1.95,2.68,2.12,2.95,2.23,2.3,2.39,5.91,6.46,3.9,1.68,2.3,1.71,3.29,1.65,1.94,1.79,1.5,1.31,1.77,1.3,2.89,1.73,2.05,2.04,1.9,2.7,2.55,2.04,2.92,1.29,2.78,2.63,3.13
1.9,1.67,1.01,1.01,2.29,1.63,1.06,2.74,0.94,1.88,2.83,1.91,2.63,1.84,2.76,2.14,2.26,2.29,5.95,6.48,3.71,1.52,2.18,1.6,3.19,1.61,1.78,1.52,1.4,1.24,1.5,1.15,2.89,1.68,1.91,2.04,1.84,2.68,2.24,2.0,2.96,1.26,2.62,2.59,2.94
1.8,1.42,0.81,0.91,2.15,1.43,0.78,2.69,0.91,1.68,2.79,1.63,2.09,1.49,2.68,2.07,2.15,2.19,5.98,6.49,3.2,1.13,1.77,1.56,3.24,1.58,1.7,1.52,1.21,1.19,1.43,1.03,2.81,1.59,1.76,1.59,1.61,2.38,1.92,1.78,2.84,1.17,2.56,2.6,2.88
1.5,1.12,0.98,0.76,1.96,1.25,0.37,2.69,0.87,1.58,2.6,1.17,1.88,1.12,2.64,2.03,1.68,2.0,6.08,6.52,2.78,0.9,1.35,1.4,2.94,1.25,1.55,1.35,1.0,1.29,1.25,0.86,2.54,1.16,1.74,1.6,1.45,2.25,1.56,1.69,2.7,1.14,2.53,2.83,2.66
1.39,0.98,1.11,0.65,2.02,1.34,0.19,2.59,0.14,1.53,2.33,0.83,1.82,0.95,2.61,1.99,1.27,2.07,6.11,6.53,2.53,0.73,1.23,1.24,2.74,1.16,1.42,1.26,0.92,1.34,1.16,0.74,2.42,0.77,1.54,1.26,1.02,1.73,1.5,1.65,2.84,0.89,2.45,2.86,2.72
1.26,1.02,1.01,0.68,2.1,1.4,0.3,2.51,0.64,1.53,2.06,0.92,1.56,1.01,2.4,1.98,1.02,2.13,6.13,6.55,2.48,0.65,1.12,1.2,2.54,1.18,1.48,1.29,0.85,1.39,1.2,0.78,2.15,0.58,1.5,0.93,0.55,1.5,1.34,1.63,2.36,0.74,2.02,2.81,2.61
1.11,1.0,0.84,0.74,1.91,1.45,0.46,2.94,0.55,1.48,1.88,0.94,1.11,1.06,2.38,1.79,0.84,1.87,6.15,6.55,2.44,0.61,1.0,1.11,2.34,1.2,1.54,1.32,0.8,1.44,1.02,0.84,1.91,0.51,1.52,1.02,0.16,1.39,1.11,1.62,2.04,0.42,1.2,2.78,2.68
0.73,0.62,0.44,0.95,1.31,1.18,0.47,1.96,0.43,1.38,1.86,1.0,1.14,1.09,2.4,1.77,1.06,1.67,6.16,6.55,2.4,0.72,1.08,1.1,2.39,0.94,1.47,1.4,0.83,1.21,0.93,0.89,1.83,0.57,1.42,1.04,0.33,1.47,1.27,1.65,2.05,0.63,1.28,2.82,2.51
0.78,0.68,0.51,0.99,1.37,1.24,0.53,1.89,0.51,1.4,1.83,1.02,1.18,1.12,2.43,1.82,1.11,1.75,6.17,6.57,2.38,0.8,1.22,1.14,2.49,0.99,1.52,1.36,0.87,1.27,1.01,0.94,2.13,0.69,1.31,1.12,0.4,1.5,1.3,1.66,2.06,0.69,1.29,2.86,2.57
0.81,0.84,0.6,1.03,1.43,1.31,0.59,1.79,0.63,1.48,1.88,0.96,1.26,1.16,2.46,1.86,1.13,1.88,6.17,6.58,2.22,0.79,1.3,1.02,2.54,1.03,1.55,1.33,0.91,1.34,1.11,1.01,2.25,0.68,1.18,1.06,0.39,1.54,1.34,1.69,2.09,0.75,1.33,2.94,2.63
0.87,1.03,0.68,1.08,1.49,1.36,0.64,2.19,0.81,1.58,1.95,0.97,1.22,0.94,2.47,1.88,0.97,1.93,6.19,6.58,2.25,0.84,1.27,1.08,2.59,1.07,1.6,1.31,0.96,1.39,1.2,1.05,2.15,0.62,1.32,0.95,0.45,1.63,1.33,1.86,2.07,0.88,1.36,2.97,2.72
0.91,1.05,0.75,1.01,1.55,1.4,0.68,2.16,1.02,1.68,2.0,0.99,1.14,0.98,2.53,2.0,0.98,1.72,6.2,6.6,2.39,0.85,1.28,1.17,2.64,1.13,1.48,1.29,1.02,1.45,1.3,1.11,2.3,0.66,1.47,1.01,0.5,1.67,1.19,1.87,1.98,0.85,1.33,2.93,2.75
1.0,0.9,1.06,0.93,1.6,1.48,0.76,3.22,0.85,1.78,2.09,1.07,1.21,1.01,2.54,2.09,0.93,1.65,6.21,6.61,2.52,0.94,1.33,1.26,2.71,1.17,1.51,1.27,0.92,1.49,1.36,1.0,2.59,0.75,1.49,1.14,0.55,1.72,1.21,1.93,1.96,0.91,1.41,2.94,2.68
1.08,1.49,1.16,1.44,1.93,2.23,1.19,3.12,0.89,1.98,2.08,1.71,2.17,1.69,2.75,2.31,1.82,2.17,6.25,6.67,2.88,1.19,1.71,1.52,3.0,1.7,1.76,1.55,1.24,1.54,1.24,1.21,1.97,1.64,2.08,1.68,1.27,2.03,1.95,1.85,2.23,1.64,2.23,3.86,2.99
0.84,1.53,1.24,1.47,1.96,2.27,1.23,3.14,0.97,2.08,2.15,1.5,2.24,1.72,2.77,2.44,1.87,2.22,6.27,6.69,2.95,1.27,1.77,1.55,3.03,1.72,1.79,1.66,1.3,1.56,1.28,1.25,2.08,1.6,2.03,1.67,1.4,2.07,2.0,1.91,2.26,1.67,2.29,3.73,3.02
0.86,1.57,1.3,1.5,2.0,2.32,1.27,3.33,1.11,2.16,2.27,1.55,2.36,1.76,2.78,2.46,1.99,2.28,6.28,6.69,3.08,1.41,1.93,1.59,3.06,1.75,1.84,1.7,1.34,1.61,1.35,1.29,2.18,1.71,2.17,1.72,1.55,2.13,2.19,1.91,2.35,1.83,2.41,3.78,3.1
0.99,1.61,1.34,1.55,2.04,2.37,1.33,3.33,1.22,2.18,2.45,1.59,2.43,1.79,2.8,2.4,2.14,2.33,6.31,6.71,3.19,1.46,2.03,1.63,3.14,1.78,1.89,1.73,1.38,1.68,1.41,1.33,2.3,1.89,2.29,1.79,1.68,2.18,2.38,1.99,2.47,1.86,2.46,3.92,3.16
1.05,1.66,1.37,1.6,2.09,2.52,1.39,3.35,1.37,2.28,2.57,1.82,2.5,1.84,2.83,2.38,2.23,2.37,6.32,6.72,3.24,1.52,2.19,1.66,3.22,1.81,1.94,1.84,1.41,1.73,1.48,1.38,2.42,1.93,2.33,1.88,1.76,2.28,2.4,2.16,2.5,1.85,2.53,3.95,3.21
1.08,1.71,1.45,1.63,2.16,2.87,1.46,3.39,1.51,2.28,2.81,1.86,2.56,1.92,2.88,2.37,2.28,2.41,6.32,6.72,3.26,1.58,2.28,1.71,3.3,1.85,1.99,1.92,1.47,1.8,1.54,1.45,2.58,1.91,2.37,1.96,1.79,2.31,2.41,2.2,2.52,1.9,2.64,3.98,3.25
1.08,1.49,1.16,1.44,1.93,2.23,1.19,3.12,0.89,1.98,2.08,1.71,2.17,1.69,2.75,2.31,1.82,2.17,6.25,6.67,2.88,1.19,1.71,1.52,3.0,1.7,1.76,1.55,1.24,1.54,1.24,1.21,1.97,1.64,2.08,1.68,1.27,2.03,1.95,1.85,2.23,1.64,2.23,3.86,2.99
0.84,1.53,1.24,1.47,1.96,2.27,1.23,3.14,0.97,2.08,2.15,1.5,2.24,1.72,2.77,2.44,1.87,2.22,6.27,6.69,2.95,1.27,1.77,1.55,3.03,1.72,1.79,1.66,1.3,1.56,1.28,1.25,2.08,1.6,2.03,1.67,1.4,2.07,2.0,1.91,2.26,1.67,2.29,3.73,3.02
0.86,1.57,1.3,1.5,2.0,2.32,1.27,3.33,1.11,2.16,2.27,1.55,2.36,1.76,2.78,2.46,1.99,2.28,6.28,6.69,3.08,1.41,1.93,1.59,3.06,1.75,1.84,1.7,1.34,1.61,1.35,1.29,2.18,1.71,2.17,1.72,1.55,2.13,2.19,1.91,2.35,1.83,2.41,3.78,3.1
0.99,1.61,1.34,1.55,2.04,2.37,1.33,3.33,1.22,2.18,2.45,1.59,2.43,1.79,2.8,2.4,2.14,2.33,6.31,6.71,3.19,1.46,2.03,1.63,3.14,1.78,1.89,1.73,1.38,1.68,1.41,1.33,2.3,1.89,2.29,1.79,1.68,2.18,2.38,1.99,2.47,1.86,2.46,3.92,3.16
1.05,1.66,1.37,1.6,2.09,2.52,1.39,3.35,1.37,2.28,2.57,1.82,2.5,1.84,2.83,2.38,2.23,2.37,6.32,6.72,3.24,1.52,2.19,1.66,3.22,1.81,1.94,1.84,1.41,1.73,1.48,1.38,2.42,1.93,2.33,1.88,1.76,2.28,2.4,2.16,2.5,1.85,2.53,3.95,3.21
1.08,1.71,1.45,1.63,2.16,2.87,1.46,3.39,1.51,2.28,2.81,1.86,2.56,1.92,2.88,2.37,2.28,2.41,6.32,6.72,3.26,1.58,2.28,1.71,3.3,1.85,1.99,1.92,1.47,1.8,1.54,1.45,2.58,1.91,2.37,1.96,1.79,2.31,2.41,2.2,2.52,1.9,2.64,3.98,3.25
1.13,1.75,1.48,1.72,2.25,2.89,1.48,3.49,1.54,2.32,2.95,1.88,2.51,1.97,2.9,2.32,2.38,2.44,6.33,6.72,3.35,1.65,2.36,1.77,3.33,1.99,2.02,1.96,1.5,1.83,1.6,1.48,2.61,2.01,2.41,1.99,1.9,2.42,2.53,2.24,2.57,1.96,2.69,3.9,3.31
1.18,1.82,1.52,1.76,2.38,2.92,1.5,3.55,1.57,2.36,3.09,1.94,2.48,2.03,2.87,2.3,2.4,2.48,6.32,6.73,3.44,1.68,2.38,1.88,3.35,2.08,2.04,2.01,1.52,1.87,1.68,1.51,2.8,2.09,2.43,2.03,1.95,2.57,2.65,2.3,2.61,1.93,2.72,3.84,3.36
1.23,1.88,1.55,1.81,2.46,2.95,1.53,3.43,1.62,2.42,3.2,1.86,2.4,2.07,2.79,2.26,2.42,2.53,6.32,6.74,3.62,1.76,2.44,1.99,3.37,2.2,2.05,2.05,1.59,1.89,1.77,1.55,3.0,2.14,2.44,2.09,2.09,2.73,2.66,2.27,2.62,2.1,2.75,3.43,3.41
1.27,1.94,1.59,1.83,2.54,2.97,1.56,3.41,1.66,2.45,3.28,1.83,2.33,2.11,2.73,2.29,2.22,2.6,6.31,6.74,3.69,1.83,2.45,2.03,3.41,2.35,2.08,2.09,1.64,1.93,1.86,1.6,3.09,2.13,2.48,2.04,2.16,3.0,2.64,2.26,2.64,2.25,2.76,3.22,3.44
1.32,2.0,1.62,1.9,2.62,3.0,1.59,3.47,1.68,2.48,3.36,1.52,2.26,2.15,2.72,2.32,2.13,2.68,6.3,6.74,3.78,1.84,2.41,2.12,3.44,2.45,2.1,2.13,1.69,1.97,1.93,1.64,2.83,2.11,2.5,2.02,2.2,3.03,2.6,2.15,2.62,2.31,2.78,3.13,3.46
1.38,2.04,1.65,1.95,2.75,3.03,1.63,3.48,1.72,2.51,3.39,1.45,1.96,2.21,2.57,2.35,1.96,2.8,6.28,6.76,3.77,1.97,2.25,2.3,3.48,2.55,2.15,2.17,1.75,2.0,2.05,1.68,2.63,2.07,2.46,2.01,2.21,3.05,2.49,2.19,2.45,2.3,2.79,3.05,3.49
1.46,2.06,2.42,1.47,2.69,2.2,1.12,3.17,2.05,2.48,3.04,1.3,1.94,1.78,2.53,2.36,1.78,2.69,6.28,6.76,3.32,1.39,2.17,2.28,3.14,2.18,2.46,2.08,2.08,1.59,1.62,1.8,2.58,1.5,2.13,1.97,2.23,2.89,2.26,2.04,2.21,2.21,2.82,3.06,3.17
1.05,2.02,2.51,1.33,2.73,2.25,1.21,3.16,1.85,2.43,3.16,1.13,1.51,1.71,2.21,2.38,1.54,2.77,6.29,6.75,3.06,1.27,1.83,2.2,2.64,2.36,2.53,2.19,2.16,1.49,1.36,1.86,2.38,1.59,1.87,1.83,2.12,2.58,2.03,2.17,1.94,2.17,2.61,3.11,3.06
1.08,1.82,2.57,0.91,2.33,2.34,1.3,3.09,1.51,2.28,2.94,0.97,0.88,0.8,2.26,2.39,1.28,2.54,6.29,6.74,2.84,1.12,1.65,1.98,1.94,2.42,2.62,2.23,1.95,1.46,1.3,1.91,2.29,1.62,1.33,1.81,1.84,1.99,2.05,2.3,1.84,2.14,2.48,3.07,2.61
1.09,1.51,2.36,0.69,2.13,2.18,1.06,2.99,1.15,2.18,2.52,0.76,0.73,0.67,2.28,2.43,1.36,2.12,6.3,6.73,2.49,1.13,1.44,1.59,1.99,1.97,2.41,2.36,1.62,1.39,0.8,1.95,2.16,1.55,1.36,1.67,1.62,1.92,2.04,2.31,1.77,1.79,2.33,3.03,2.44
1.13,1.18,2.11,0.47,1.46,1.77,0.81,2.49,0.31,1.88,2.39,0.7,0.5,0.57,2.31,2.47,1.39,1.71,6.32,6.72,2.47,1.18,1.37,1.31,2.04,0.66,2.2,2.28,1.32,1.29,0.72,1.81,1.7,1.43,1.42,1.45,1.43,1.7,2.09,2.35,1.82,1.82,1.72,3.0,2.23
1.18,1.16,1.81,0.5,1.2,1.42,0.39,2.39,0.02,1.78,2.31,0.61,0.62,0.54,2.35,2.38,1.45,1.49,6.32,6.72,2.48,1.2,1.25,1.13,2.09,0.34,1.72,2.22,1.0,1.09,0.72,1.39,1.88,1.34,1.44,1.41,1.27,1.56,2.16,2.36,1.89,1.83,1.26,2.96,1.83
1.21,0.79,1.51,0.55,0.85,1.32,0.06,3.17,0.49,1.61,2.14,0.64,0.73,0.52,2.46,2.4,0.67,1.4,6.31,6.71,2.48,1.2,1.04,1.02,2.12,0.4,1.37,2.21,0.9,0.89,0.8,0.87,1.9,0.87,1.45,1.09,0.93,1.73,2.31,2.01,2.16,1.74,0.39,3.05,1.88
1.23,0.44,0.21,0.66,0.91,1.3,0.42,3.33,0.27,1.44,1.97,0.68,0.85,0.49,2.54,2.41,0.7,1.27,6.29,6.71,2.49,1.22,1.23,0.96,2.15,0.51,1.09,2.16,0.8,0.79,0.88,0.53,1.91,0.59,1.48,0.84,0.75,1.88,2.34,1.19,2.26,1.62,0.44,3.33,1.93
1.24,0.33,0.45,0.82,0.99,1.32,0.02,3.53,0.26,1.38,1.8,0.78,0.98,0.42,2.55,2.42,0.72,1.3,6.29,6.69,2.51,1.26,1.25,1.0,2.22,0.62,0.87,1.67,0.7,0.69,0.99,0.57,1.94,0.54,1.49,0.86,0.77,1.93,2.38,1.2,2.46,1.65,0.49,4.06,2.01
1.27,0.37,0.63,0.95,1.06,1.38,0.08,3.2,0.34,1.44,1.85,0.86,1.03,0.47,2.62,2.44,0.82,1.41,6.29,6.68,2.55,1.34,1.36,1.1,2.33,0.75,0.99,1.42,0.7,0.78,1.1,0.62,1.98,0.6,1.6,1.01,0.9,2.01,2.39,1.35,2.51,1.71,0.6,4.14,2.13
1.31,0.42,0.72,1.06,1.17,1.49,0.17,2.79,0.29,1.53,1.94,0.97,1.19,0.56,2.65,2.48,0.87,1.53,6.28,6.66,2.62,1.37,1.43,1.22,2.46,0.87,1.12,1.45,0.74,0.9,1.21,0.67,2.03,0.63,1.62,1.12,0.94,2.09,2.41,1.44,2.52,1.74,0.68,4.11,2.24
1.35,0.5,0.8,1.14,1.23,1.61,0.29,1.99,0.09,1.62,2.02,1.05,1.25,0.65,2.66,2.48,0.89,1.65,6.28,6.65,2.64,1.42,1.53,1.34,2.59,1.0,1.27,1.5,0.8,1.01,1.35,0.75,2.1,0.76,1.75,1.2,1.19,2.09,2.47,1.56,2.55,1.77,0.79,4.0,2.42
1.35,0.59,0.88,1.18,1.3,1.63,0.36,2.07,0.15,1.65,2.03,1.32,1.39,0.7,2.69,2.52,0.95,1.69,6.28,6.66,2.71,1.47,1.56,1.37,2.59,1.03,1.31,1.5,0.84,1.06,1.41,0.78,2.21,0.89,1.74,1.32,1.2,2.11,2.54,1.56,2.54,1.8,0.96,3.91,2.46
1.38,0.69,0.94,1.22,1.35,1.67,0.42,2.09,0.16,1.65,2.04,1.4,1.54,0.76,2.71,2.52,1.04,1.75,6.27,6.68,2.85,1.56,1.58,1.41,2.61,1.07,1.36,1.52,0.87,1.12,1.49,0.82,2.25,0.92,1.78,1.37,1.26,2.13,2.6,1.58,2.5,1.85,1.11,3.68,2.51
1.43,0.75,1.1,1.25,1.41,1.72,0.48,2.14,0.16,1.72,2.06,1.56,1.66,0.81,2.72,2.53,1.11,1.8,6.27,6.68,2.89,1.62,1.65,1.49,2.63,1.12,1.39,1.54,0.91,1.2,1.53,0.87,2.28,1.08,1.81,1.42,1.28,2.19,2.61,1.6,2.58,1.86,1.3,3.55,2.57
1.55,0.98,1.15,1.3,1.48,1.78,0.56,2.24,0.33,1.76,2.09,1.58,1.82,0.94,2.76,2.54,1.23,1.88,6.26,6.69,2.93,1.67,1.74,1.54,2.66,1.16,1.46,1.55,0.95,1.33,1.61,0.94,2.36,1.17,1.83,1.5,1.37,2.22,2.66,1.63,2.64,1.91,1.47,3.13,2.63
1.6,1.16,1.21,1.35,1.55,1.83,0.6,2.29,0.5,1.8,2.12,1.65,1.97,1.07,2.77,2.56,1.41,1.92,6.25,6.69,2.95,1.68,1.8,1.61,2.66,1.22,1.51,1.57,1.01,1.48,1.74,1.03,2.47,1.19,1.84,1.63,1.51,2.28,2.69,1.64,2.69,1.93,1.64,3.05,2.71
1.64,1.28,1.29,1.42,1.63,1.92,0.66,2.29,0.74,1.92,2.16,1.67,2.08,1.18,2.81,2.59,1.5,2.0,6.26,6.71,2.98,1.73,1.84,1.73,2.68,1.33,1.68,1.61,1.14,1.59,1.83,1.1,2.58,1.28,1.87,1.68,1.63,2.29,2.77,1.71,2.69,2.05,1.79,2.85,2.79
1.75,1.35,1.35,1.53,1.76,2.06,0.84,2.41,0.88,2.04,2.27,1.71,2.15,1.33,2.8,2.61,1.58,2.14,6.24,6.7,3.11,1.73,1.85,1.9,2.74,1.48,1.87,1.67,1.27,1.67,1.92,1.25,2.81,1.46,1.97,1.69,1.61,2.38,2.8,1.72,2.71,2.04,2.1,2.84,2.91
1.87,1.47,1.47,1.64,1.87,2.21,0.99,2.49,0.94,2.16,2.44,1.7,2.17,1.46,2.8,2.63,1.62,2.28,6.23,6.7,3.32,1.74,1.9,2.03,2.83,1.62,2.06,1.73,1.4,1.76,2.04,1.41,2.86,1.55,2.1,1.7,1.62,2.51,2.85,1.74,2.74,2.0,2.36,2.81,3.1
2.0,1.6,1.53,1.76,1.98,2.32,1.15,2.55,0.97,2.29,2.69,1.73,2.24,1.64,2.82,2.64,1.78,2.42,6.2,6.69,3.49,1.78,1.94,2.16,2.94,1.75,2.19,1.84,1.55,1.88,2.15,1.46,2.91,1.64,2.13,1.75,1.67,2.55,2.87,1.77,2.75,1.96,2.55,2.83,3.21
2.11,1.67,1.63,1.91,2.09,2.53,1.3,2.59,1.03,2.41,2.81,1.78,2.3,1.75,2.82,2.67,1.87,2.64,6.18,6.68,3.69,1.85,1.94,2.28,3.14,1.89,2.32,1.9,1.7,1.99,2.27,1.52,2.94,1.73,2.16,1.8,1.69,2.58,3.01,1.84,2.8,1.93,2.68,2.83,3.29
2.3,1.8,1.76,2.0,2.21,2.65,1.44,2.69,1.08,2.52,2.93,1.82,2.33,1.88,2.83,2.72,2.03,2.85,6.17,6.66,3.82,1.86,1.97,2.34,3.39,2.02,2.4,1.97,1.86,2.05,2.38,1.57,2.99,1.87,2.24,1.85,1.72,2.59,3.06,1.87,2.83,1.89,2.82,2.86,3.36
2.41,1.9,1.84,2.09,2.32,2.73,1.53,2.73,1.14,2.64,3.04,1.86,2.34,1.96,2.84,2.74,2.05,2.93,6.15,6.67,3.95,1.88,1.99,2.41,3.54,2.14,2.47,2.05,1.94,2.1,2.49,1.63,3.01,1.9,2.27,1.92,1.75,2.76,3.13,1.89,2.84,1.85,3.03,2.88,3.42
2.43,2.01,1.95,2.18,2.47,2.82,1.58,2.69,1.21,2.71,3.11,1.87,2.41,2.04,2.87,2.76,2.1,2.99,6.12,6.66,4.14,1.91,2.02,2.47,3.69,2.19,2.53,2.11,2.0,2.14,2.53,1.64,3.03,1.96,2.3,1.97,1.75,2.8,3.17,1.9,2.89,1.81,3.1,3.48,3.48
2.45,2.09,2.09,2.25,2.55,2.89,1.67,2.74,1.32,2.79,3.2,1.9,2.55,2.11,2.88,2.77,2.18,3.07,6.09,6.64,4.3,1.92,2.03,2.55,3.74,2.25,2.62,2.16,2.08,2.19,2.6,1.67,3.04,2.02,2.43,2.02,1.77,2.82,3.2,1.95,2.92,1.8,3.13,2.89,3.53
2.44,2.17,2.16,2.31,2.64,2.97,1.78,2.74,1.43,2.86,3.25,1.94,2.59,2.18,2.89,2.8,2.24,3.14,6.07,6.64,4.45,1.94,2.05,2.59,3.79,2.33,2.68,2.2,2.14,2.22,2.65,1.69,3.07,2.04,2.52,2.09,1.79,2.88,3.21,1.98,2.94,1.74,3.25,2.91,3.59
2.42,2.24,2.28,2.35,2.73,3.02,1.86,2.76,1.47,2.92,3.28,1.98,2.64,2.25,2.93,2.81,2.31,3.2,6.06,6.65,4.53,1.97,2.08,2.62,3.84,2.4,2.74,2.24,2.22,2.25,2.69,1.71,3.1,2.04,2.55,2.12,1.8,2.89,3.29,2.01,3.01,1.71,3.27,2.91,3.66
2.39,2.25,2.35,2.39,2.81,3.06,1.94,2.79,1.52,2.98,3.31,2.04,2.69,2.33,3.01,2.87,2.32,3.25,6.05,6.64,4.61,2.0,2.1,2.67,3.86,2.46,2.77,2.27,2.28,2.28,2.72,1.73,3.12,2.13,2.58,2.1,1.84,2.95,3.35,2.01,3.04,1.66,3.28,2.92,3.72
2.35,2.27,2.41,2.43,2.88,3.1,1.75,2.81,1.52,3.04,3.35,2.06,2.78,2.38,3.05,2.88,2.35,3.28,6.03,6.63,4.66,2.03,2.12,2.7,3.89,2.51,2.81,2.31,2.33,2.3,2.8,1.76,3.15,2.17,2.63,2.12,1.84,3.01,3.38,2.11,3.04,1.62,3.31,2.93,3.77
2.34,2.3,2.46,2.48,2.92,3.11,2.06,2.83,1.56,3.06,3.38,2.08,2.83,2.41,3.06,2.91,2.38,3.3,6.01,6.62,4.74,2.07,2.12,2.72,3.94,2.54,2.85,2.33,2.35,2.31,2.81,1.85,3.15,2.25,2.69,2.13,1.85,3.03,3.37,2.14,3.06,1.58,3.33,2.93,3.8
2.32,2.31,2.53,2.53,2.95,3.13,2.09,2.84,1.54,3.08,3.38,2.2,2.84,2.44,3.08,2.94,2.39,3.33,6.01,6.61,4.76,2.14,2.15,2.73,3.96,2.56,2.91,2.35,2.37,2.32,2.83,1.92,3.14,2.28,2.72,2.14,1.88,3.07,3.41,2.2,3.1,1.52,3.35,2.94,3.83
2.32,2.32,2.61,2.55,2.99,3.16,2.11,2.84,1.53,3.07,3.37,2.22,2.84,2.43,3.1,2.95,2.4,3.31,6.0,6.62,4.79,2.14,2.18,2.71,3.99,2.6,2.95,2.36,2.4,2.32,2.8,1.96,3.12,2.32,2.7,2.12,1.93,3.08,3.44,2.21,3.11,1.55,3.36,2.95,3.86
2.3,2.34,2.68,2.53,3.04,3.2,2.08,2.84,1.52,3.04,3.37,2.22,2.85,2.42,3.09,2.98,2.41,3.29,6.0,6.63,4.8,2.17,2.21,2.69,4.04,2.62,2.93,2.34,2.4,2.29,2.77,1.94,3.05,2.33,2.69,2.08,1.89,3.1,3.47,2.25,3.11,1.49,3.35,2.97,3.85
2.29,2.33,2.74,2.51,3.08,3.23,2.06,2.86,1.51,3.02,3.36,2.24,2.88,2.4,3.11,2.98,2.4,3.27,6.01,6.63,4.82,2.16,2.22,2.67,4.09,2.61,2.91,2.31,2.38,2.27,2.72,1.93,2.92,2.33,2.68,2.09,1.86,3.09,3.48,2.24,3.12,1.4,3.33,3.02,3.83
2.28,2.33,2.81,2.48,3.05,3.22,2.03,2.89,1.49,2.99,3.35,2.24,2.87,2.37,3.14,2.97,2.38,3.25,6.01,6.65,4.82,2.18,2.22,2.62,4.14,2.59,2.87,2.23,2.35,2.23,2.69,1.91,2.83,2.37,2.67,2.06,1.87,3.09,3.42,2.22,3.12,1.38,3.34,3.02,3.8
2.26,2.32,2.78,2.45,3.02,3.2,2.02,2.87,1.47,2.97,3.33,2.24,2.85,2.34,3.09,2.91,2.34,3.22,6.01,6.65,4.77,2.15,2.18,2.7,4.11,2.55,2.85,2.19,2.32,2.2,2.67,1.89,2.79,2.35,2.66,2.07,1.86,3.06,3.39,2.21,3.07,1.39,3.31,3.0,3.76
2.23,2.3,2.75,2.42,2.98,3.17,1.99,2.87,1.45,2.94,3.31,2.19,2.78,2.31,3.08,2.88,2.31,3.19,6.02,6.66,4.71,2.1,2.17,2.66,4.07,2.52,2.82,2.14,2.29,2.16,2.63,1.87,2.77,2.31,2.64,2.07,1.84,3.05,3.36,2.14,3.05,1.35,3.3,2.93,3.72
2.19,2.26,2.71,2.37,2.92,3.12,1.95,2.89,1.42,2.9,3.27,2.18,2.77,2.26,3.08,2.89,2.27,3.12,6.04,6.66,4.69,2.08,2.16,2.6,4.03,2.47,2.76,2.1,2.24,2.11,2.58,1.83,2.75,2.24,2.63,2.02,1.83,2.99,3.32,2.14,3.02,1.22,3.29,2.91,3.66
2.1,2.2,2.63,2.31,2.85,3.12,1.92,2.86,1.35,2.86,3.27,2.13,2.76,2.22,3.05,2.91,2.23,3.08,6.05,6.67,4.69,2.06,2.14,2.53,3.99,2.45,2.71,2.01,2.2,2.07,2.5,1.75,2.74,2.2,2.6,1.99,1.84,3.01,3.28,2.1,2.99,1.28,3.27,2.88,3.61
2.02,2.13,2.59,2.24,2.79,3.08,1.9,2.77,1.27,2.78,3.26,2.12,2.99,2.16,3.0,2.59,2.22,3.0,6.05,6.68,4.67,2.02,2.08,2.47,3.99,2.41,2.66,1.95,2.15,2.0,2.38,1.65,2.73,2.21,2.57,1.97,1.77,3.02,3.25,2.06,2.97,1.31,3.22,2.95,3.54
1.96,2.01,2.53,2.15,2.68,3.04,1.86,2.77,1.17,2.66,3.26,2.1,3.11,2.09,2.98,2.97,2.19,2.94,6.07,6.68,4.6,1.97,2.03,2.4,3.96,2.35,2.59,1.9,2.09,1.93,2.24,1.6,2.69,2.21,2.52,1.95,1.72,3.09,3.23,2.06,2.96,1.32,3.19,2.95,3.49
1.6,1.75,2.41,1.98,2.51,2.66,1.56,2.89,1.17,2.18,3.17,1.97,3.09,1.74,2.82,2.84,2.01,2.71,6.07,6.66,4.54,1.86,2.04,2.12,3.84,1.81,2.46,1.87,1.95,1.79,2.15,1.55,2.65,1.94,2.28,2.53,1.68,2.92,3.04,1.94,3.18,0.79,3.05,2.99,3.23
1.5,1.57,1.86,1.73,2.31,2.57,1.46,2.87,1.12,2.08,3.12,1.78,2.63,1.58,2.8,2.59,1.99,2.59,6.06,6.64,4.41,1.84,1.98,1.8,3.74,1.73,2.22,1.82,1.72,1.69,1.9,1.37,2.62,1.79,2.12,2.32,1.67,2.75,2.92,1.72,2.96,0.56,2.83,3.23,3.06
1.38,1.45,1.21,1.54,2.17,2.44,1.36,2.87,1.07,1.88,2.95,1.66,2.21,1.35,2.75,2.48,1.97,2.5,6.06,6.64,4.38,1.75,1.97,1.41,3.54,1.51,1.97,1.76,1.6,1.59,1.68,1.25,2.55,1.78,1.99,2.26,1.55,2.49,2.68,1.63,2.48,0.51,2.81,3.3,2.84
1.25,1.29,0.83,1.33,1.92,2.22,0.76,2.91,0.68,1.68,2.84,1.41,1.8,1.14,2.67,2.35,1.96,2.29,6.06,6.61,4.44,1.8,1.84,1.16,3.34,1.33,1.68,1.71,1.5,1.53,1.48,1.08,2.49,1.56,1.93,2.19,1.5,2.2,2.51,1.6,2.68,0.6,2.73,3.35,2.62
1.17,1.17,0.91,1.04,1.75,1.62,0.46,3.14,0.57,1.48,2.59,1.42,1.61,1.04,2.63,2.32,1.52,2.21,6.05,6.6,4.33,1.82,1.78,1.03,3.04,1.18,1.51,1.63,1.4,1.42,1.31,0.85,2.45,1.34,1.84,2.16,1.51,2.09,2.29,1.33,2.9,0.61,2.52,3.42,2.51
1.2,1.01,0.98,1.13,1.65,1.22,0.36,2.69,0.31,1.4,2.38,1.2,1.46,0.84,2.51,2.3,1.55,2.06,6.05,6.59,4.36,1.69,1.76,0.9,2.54,1.12,1.39,1.52,1.14,1.37,1.05,0.7,2.15,1.08,1.75,2.05,1.47,1.87,2.31,1.21,2.65,0.67,1.97,3.56,2.43
1.24,0.6,1.11,1.21,1.76,1.2,0.56,2.89,0.47,1.48,2.46,1.03,1.27,0.94,2.47,2.21,1.58,2.15,6.09,6.55,4.28,1.41,1.67,1.0,2.59,1.3,1.48,1.57,1.23,1.39,1.11,0.8,2.03,0.96,1.53,1.85,1.18,1.65,1.97,1.24,2.28,0.73,1.74,3.45,2.25
1.32,0.75,0.91,1.03,1.84,1.31,0.44,2.94,0.36,1.58,2.54,0.88,1.33,1.02,2.45,2.28,1.46,2.29,6.1,6.54,4.01,1.3,1.61,1.08,2.64,1.37,1.61,1.54,1.35,1.44,1.16,0.91,2.13,0.89,1.52,1.78,1.05,1.63,1.88,1.29,2.19,0.8,1.7,3.26,2.38
1.13,0.93,0.32,1.1,1.68,1.57,0.52,2.99,0.58,1.49,2.17,0.95,1.34,0.76,2.5,2.33,1.34,2.41,6.12,6.52,3.87,1.17,1.43,1.15,2.69,1.36,1.43,1.5,1.17,1.49,1.14,0.98,2.25,0.82,1.59,1.63,0.94,1.72,1.81,1.43,2.1,0.88,1.56,3.31,2.46
1.2,0.95,0.66,1.18,1.8,1.76,0.66,2.94,0.73,1.53,2.28,1.04,1.38,0.84,2.5,2.34,1.23,2.2,6.1,6.52,3.8,1.14,1.48,0.98,2.74,0.88,1.52,1.46,1.28,1.23,1.21,0.85,2.38,0.93,1.65,1.39,0.88,1.76,1.92,1.56,2.22,0.91,1.4,3.33,2.57
1.28,1.03,0.88,1.24,1.87,1.97,0.75,3.04,0.92,1.61,2.37,1.1,1.4,0.91,2.55,2.37,1.27,2.36,6.11,6.53,3.71,1.19,1.52,1.1,2.79,1.05,1.64,1.43,1.39,1.31,1.3,0.75,2.5,1.0,1.63,1.26,0.87,1.8,1.95,1.58,2.24,0.96,1.37,3.35,2.64
1.37,1.13,1.01,1.33,1.71,2.12,0.5,3.33,0.87,1.78,2.23,1.12,1.41,0.73,2.62,2.35,1.41,2.47,6.11,6.53,3.66,1.23,1.55,1.02,2.84,1.19,1.75,1.4,1.3,1.53,1.35,0.83,2.4,1.02,1.66,1.17,0.89,1.82,2.03,1.63,2.26,0.94,1.48,3.4,2.72
1.24,0.6,1.11,1.21,1.76,1.2,0.56,2.89,0.47,1.48,2.46,1.03,1.27,0.94,2.47,2.21,1.58,2.15,6.09,6.55,4.28,1.41,1.67,1.0,2.59,1.3,1.48,1.57,1.23,1.39,1.11,0.8,2.03,0.96,1.53,1.85,1.18,1.65,1.97,1.24,2.28,0.73,1.74,3.45,2.25
1.32,0.75,0.91,1.03,1.84,1.31,0.44,2.94,0.36,1.58,2.54,0.88,1.33,1.02,2.45,2.28,1.46,2.29,6.1,6.54,4.01,1.3,1.61,1.08,2.64,1.37,1.61,1.54,1.35,1.44,1.16,0.91,2.13,0.89,1.52,1.78,1.05,1.63,1.88,1.29,2.19,0.8,1.7,3.26,2.38
1.13,0.93,0.32,1.1,1.68,1.57,0.52,2.99,0.58,1.49,2.17,0.95,1.34,0.76,2.5,2.33,1.34,2.41,6.12,6.52,3.87,1.17,1.43,1.15,2.69,1.36,1.43,1.5,1.17,1.49,1.14,0.98,2.25,0.82,1.59,1.63,0.94,1.72,1.81,1.43,2.1,0.88,1.56,3.31,2.46
1.2,0.95,0.66,1.18,1.8,1.76,0.66,2.94,0.73,1.53,2.28,1.04,1.38,0.84,2.5,2.34,1.23,2.2,6.1,6.52,3.8,1.14,1.48,0.98,2.74,0.88,1.52,1.46,1.28,1.23,1.21,0.85,2.38,0.93,1.65,1.39,0.88,1.76,1.92,1.56,2.22,0.91,1.4,3.33,2.57
1.28,1.03,0.88,1.24,1.87,1.97,0.75,3.04,0.92,1.61,2.37,1.1,1.4,0.91,2.55,2.37,1.27,2.36,6.11,6.53,3.71,1.19,1.52,1.1,2.79,1.05,1.64,1.43,1.39,1.31,1.3,0.75,2.5,1.0,1.63,1.26,0.87,1.8,1.95,1.58,2.24,0.96,1.37,3.35,2.64
1.37,1.13,1.01,1.33,1.71,2.12,0.5,3.33,0.87,1.78,2.23,1.12,1.41,0.73,2.62,2.35,1.41,2.47,6.11,6.53,3.66,1.23,1.55,1.02,2.84,1.19,1.75,1.4,1.3,1.53,1.35,0.83,2.4,1.02,1.66,1.17,0.89,1.82,2.03,1.63,2.26,0.94,1.48,3.4,2.72
1.54,1.2,0.95,1.43,1.96,2.21,0.76,3.69,0.68,1.86,2.51,1.37,2.1,0.82,2.79,2.62,2.21,2.32,6.2,6.59,2.92,1.61,1.74,1.52,3.15,1.63,1.73,1.59,1.33,1.41,1.53,0.88,2.52,1.5,2.07,1.52,1.25,2.24,2.06,1.76,2.45,1.79,1.98,3.73,2.89
1.56,1.23,1.01,1.47,2.01,2.24,0.79,3.89,0.98,1.9,2.54,1.0,2.17,0.89,2.82,2.66,2.29,2.37,6.21,6.61,3.0,1.67,1.8,1.58,3.19,1.68,1.77,1.63,1.37,1.47,1.58,0.94,2.75,1.54,2.1,1.54,1.32,2.25,2.1,1.88,2.48,1.71,2.03,3.69,2.94
1.59,1.28,1.05,1.5,2.05,2.28,0.84,3.89,1.2,1.95,2.63,1.19,2.28,0.98,2.84,2.75,2.42,2.43,6.23,6.62,3.04,1.79,1.99,1.61,3.26,1.74,1.81,1.67,1.4,1.5,1.62,1.01,2.92,1.56,2.16,1.63,1.5,2.29,2.27,1.87,2.5,1.76,2.09,3.78,3.01
1.61,1.35,1.11,1.54,2.1,2.33,0.9,3.75,1.29,2.0,2.7,1.32,2.34,1.05,2.96,2.78,2.47,2.48,6.23,6.63,3.18,1.94,2.06,1.66,3.34,1.79,1.85,1.71,1.45,1.56,1.69,1.08,3.03,1.61,2.19,1.7,1.58,2.35,2.28,1.99,2.51,1.89,2.21,3.85,3.07
1.64,1.42,1.18,1.6,2.14,2.4,0.97,3.85,1.41,2.05,2.75,1.5,2.43,1.12,2.99,2.81,2.54,2.52,6.24,6.64,3.21,2.03,2.18,1.7,3.39,1.84,1.89,1.79,1.51,1.61,1.74,1.15,3.19,1.7,2.35,1.76,1.61,2.38,2.4,2.12,2.56,2.03,2.37,3.88,3.12
1.69,1.48,1.23,1.66,2.21,2.47,1.03,4.01,1.54,2.1,2.83,1.77,2.53,1.18,3.0,2.84,2.59,2.59,6.26,6.66,3.26,1.98,2.19,1.76,3.46,1.88,1.94,1.87,1.6,1.65,1.81,1.25,3.29,1.93,2.37,1.81,1.69,2.4,2.43,2.21,2.61,2.05,2.56,3.91,3.18
1.69,1.53,1.31,1.71,2.23,2.51,1.06,3.49,1.59,2.12,2.88,1.79,2.68,1.24,3.01,2.87,2.63,2.65,6.25,6.65,3.33,2.0,2.22,1.8,3.53,1.95,1.99,1.9,1.7,1.67,1.9,1.35,3.41,1.95,2.44,1.84,1.76,2.51,2.45,2.25,2.63,2.18,2.72,3.95,3.23
1.7,1.6,1.42,1.75,2.26,2.56,1.1,3.54,1.62,2.16,2.94,1.84,2.7,1.29,3.03,2.89,2.68,2.74,6.26,6.66,3.47,2.07,2.24,1.87,3.6,2.04,2.07,1.95,1.81,1.7,1.99,1.42,3.28,1.96,2.5,1.98,1.84,2.65,2.48,2.3,2.67,2.3,2.83,3.94,3.31
1.73,1.66,1.55,1.79,2.31,2.62,1.16,3.59,1.66,2.18,3.01,1.85,2.73,1.35,3.03,2.95,2.86,2.81,6.27,6.68,3.77,2.11,2.29,1.93,3.68,2.07,2.15,2.01,1.9,1.74,2.05,1.52,3.2,2.04,2.53,2.08,1.92,2.82,2.52,2.39,2.7,2.36,2.92,3.83,3.38
1.75,1.71,1.63,1.83,2.36,2.67,1.21,3.59,1.73,2.23,3.06,1.93,2.82,1.39,3.05,2.98,2.98,2.89,6.26,6.69,3.81,2.16,2.28,1.97,3.71,2.15,2.23,2.13,2.01,1.79,2.13,1.63,3.19,2.06,2.55,2.19,2.0,2.99,2.62,2.48,2.83,2.45,2.99,3.79,3.5
1.73,1.75,1.71,1.89,2.43,2.73,1.26,3.57,1.79,2.28,3.11,1.97,2.83,1.46,3.06,3.0,3.01,2.95,6.27,6.69,3.94,2.19,2.36,1.84,3.59,2.22,2.32,2.3,2.14,1.84,2.21,1.75,3.22,2.1,2.57,2.21,2.02,3.09,2.64,2.5,2.88,2.47,3.04,3.78,3.61
1.61,1.8,1.8,1.81,2.51,2.81,1.36,3.57,1.9,2.32,3.16,1.69,2.84,1.52,3.08,2.99,3.02,3.04,6.28,6.71,4.06,2.24,2.42,1.32,3.34,2.3,2.43,2.33,2.25,1.89,2.18,1.87,3.16,2.08,2.52,2.22,1.99,3.12,2.7,2.54,2.89,2.24,3.07,3.74,3.58
1.45,1.92,1.85,1.59,2.59,2.84,1.44,3.42,1.99,2.38,3.18,1.11,2.49,1.56,3.0,2.93,2.77,3.07,6.27,6.69,4.08,2.27,2.29,1.2,3.26,2.25,1.93,2.32,2.27,1.91,2.22,1.89,3.12,1.98,2.37,2.29,1.86,3.08,2.82,2.42,2.72,1.95,2.99,3.76,3.41
1.3,1.95,1.98,1.41,2.66,2.85,1.49,3.29,2.05,2.41,3.2,1.3,1.71,1.62,2.91,2.88,2.36,3.1,6.27,6.7,4.11,2.06,1.95,1.1,3.12,2.18,1.98,2.31,2.3,1.92,2.25,1.93,2.79,1.62,2.24,2.08,1.84,2.95,2.87,2.35,2.31,1.6,2.64,3.8,3.21
1.22,2.07,2.19,1.23,2.61,2.9,1.56,3.29,1.85,2.45,3.05,1.28,1.33,1.6,2.86,2.85,1.73,3.12,6.28,6.7,4.14,1.52,1.53,0.98,3.01,2.05,2.01,2.28,2.32,1.86,2.2,1.98,2.65,1.27,1.89,2.0,1.43,2.81,2.89,2.21,2.12,1.43,2.44,3.83,3.12
1.05,2.2,2.3,1.05,2.45,2.82,1.62,3.24,1.69,2.18,2.93,1.33,1.4,1.52,2.79,2.84,1.1,3.15,6.28,6.68,4.07,1.37,1.37,0.77,2.9,1.85,1.97,2.26,2.35,1.67,2.11,2.0,2.25,1.03,1.55,1.81,1.31,2.49,2.65,2.31,1.9,1.32,2.17,3.87,3.03
0.92,2.09,2.01,0.83,2.26,2.62,1.46,3.19,1.45,2.08,2.84,1.34,1.44,1.34,2.76,2.8,1.15,3.07,6.29,6.68,4.06,1.31,1.18,0.64,2.79,1.75,1.95,2.23,2.3,1.59,1.9,2.01,2.06,0.95,1.56,1.23,1.23,2.05,2.6,1.94,1.91,1.24,1.81,3.94,2.97
0.78,1.91,1.63,0.71,2.14,2.42,1.24,2.94,1.26,1.96,2.69,1.37,1.46,1.22,2.67,2.77,1.18,2.91,6.29,6.67,4.03,1.12,1.15,0.56,2.74,1.67,1.87,2.2,2.21,1.47,1.75,1.85,2.17,0.9,1.52,1.16,1.17,1.84,2.56,1.87,1.94,1.21,1.69,3.96,2.89
0.71,1.54,0.95,0.68,1.82,2.12,1.01,3.41,0.85,1.68,2.4,1.15,1.1,1.07,2.66,2.68,1.12,2.69,6.29,6.68,3.88,0.87,1.11,0.52,2.29,1.46,1.76,1.94,1.84,1.5,1.77,1.61,2.22,0.86,1.77,1.1,0.84,1.82,2.42,1.45,1.73,0.74,1.14,4.21,2.92
0.66,1.17,0.41,0.66,1.61,1.94,0.69,3.89,0.52,1.58,2.08,1.01,0.37,0.76,2.7,2.43,1.07,2.47,6.28,6.68,3.72,0.58,0.99,0.54,2.04,1.25,1.65,1.91,1.61,1.54,1.8,1.26,2.24,0.7,2.03,0.55,0.57,1.89,2.41,1.28,1.5,0.53,0.65,4.38,2.98
0.69,0.71,0.79,0.63,1.36,1.46,0.46,3.85,0.45,1.4,1.86,0.9,0.06,0.58,2.71,2.37,1.08,2.17,6.28,6.69,3.61,0.61,0.93,0.55,2.09,1.28,1.69,1.88,1.4,1.56,1.84,1.04,2.26,0.77,2.25,0.58,0.48,1.91,2.44,1.21,1.51,0.42,0.55,4.5,3.04
0.8,0.77,0.84,0.7,1.25,1.28,0.38,3.69,0.17,1.33,1.57,0.93,0.18,0.52,2.73,2.38,1.14,2.04,6.29,6.69,3.62,0.66,0.97,0.6,2.15,1.35,1.61,1.63,1.25,1.45,1.87,0.85,2.32,0.83,2.3,0.59,0.51,1.93,2.46,1.26,1.55,0.44,0.57,4.49,3.11
0.94,0.86,0.96,0.78,1.19,1.34,0.35,2.69,0.24,1.36,1.6,0.95,0.24,0.56,2.75,2.38,1.19,2.09,6.3,6.7,3.66,0.69,1.03,0.68,2.23,1.43,1.66,1.38,1.18,1.29,1.92,0.88,2.33,0.9,2.32,0.63,0.54,1.95,2.52,1.3,1.62,0.49,0.62,4.45,3.18
1.07,0.97,1.18,0.9,1.27,1.4,0.4,2.74,0.31,1.44,1.71,1.01,0.34,0.65,2.76,2.4,1.27,2.17,6.3,6.72,3.7,0.7,1.06,0.75,2.28,1.5,1.72,1.14,1.23,1.34,2.0,0.94,2.34,0.91,2.32,0.67,0.59,2.02,2.55,1.31,1.69,0.56,0.64,4.46,3.23
1.1,1.02,1.25,0.96,1.38,1.47,0.46,2.45,0.47,1.49,1.77,1.03,0.41,0.71,2.77,2.42,1.28,2.21,6.3,6.71,3.73,0.73,1.07,0.82,2.36,1.55,1.79,1.2,1.27,1.39,2.04,1.07,2.12,0.97,2.35,0.77,0.63,2.05,2.57,1.42,1.71,0.68,0.69,4.44,3.3
1.19,1.07,1.32,1.02,1.46,1.63,0.53,2.34,0.62,1.53,1.82,1.07,0.57,0.77,2.8,2.45,1.38,2.29,6.31,6.71,3.75,0.78,1.1,0.9,2.44,1.61,1.85,1.26,1.32,1.46,2.09,1.17,2.2,1.06,2.35,0.81,0.66,2.06,2.6,1.47,1.76,0.71,0.72,4.32,3.36
1.23,1.13,1.41,1.06,1.51,1.78,0.6,2.29,0.69,1.6,1.86,1.11,0.73,0.84,2.8,2.46,1.37,2.35,6.31,6.69,3.76,0.82,1.13,0.97,2.49,1.68,1.89,1.31,1.38,1.54,2.14,1.25,2.26,1.08,2.39,0.83,0.68,2.09,2.68,1.49,1.8,0.72,0.75,4.31,3.43
1.26,1.22,1.52,1.11,1.56,1.9,0.69,2.29,0.81,1.67,1.94,1.14,0.79,0.95,2.82,2.5,1.44,2.41,6.33,6.67,3.81,0.94,1.19,1.05,2.56,1.75,1.96,1.35,1.41,1.65,2.19,1.34,2.34,1.09,2.41,0.85,0.72,2.15,2.71,1.5,1.84,0.77,0.8,4.29,3.49
1.34,1.3,1.64,1.16,1.66,1.98,0.81,2.36,0.9,1.77,2.01,1.26,0.93,1.07,2.83,2.51,1.49,2.47,6.34,6.67,3.82,0.93,1.21,1.12,2.64,1.83,2.02,1.43,1.49,1.76,2.25,1.41,2.44,1.12,2.44,0.9,0.76,2.17,2.73,1.54,1.89,0.79,0.86,4.24,3.53
1.41,1.34,1.71,1.23,1.75,2.03,0.92,2.42,0.96,1.89,2.07,1.38,1.06,1.19,2.84,2.51,1.51,2.52,6.35,6.66,3.84,1.01,1.24,1.2,2.71,1.88,2.09,1.5,1.58,1.87,2.32,1.46,2.56,1.15,2.48,0.92,0.92,2.2,2.73,1.59,1.91,0.8,0.91,4.2,3.65
1.5,1.49,1.76,1.31,1.85,2.12,1.03,2.46,0.99,1.98,2.1,1.48,1.14,1.25,2.84,2.52,1.55,2.59,6.35,6.66,3.84,1.0,1.29,1.3,2.79,1.95,2.17,1.55,1.67,1.91,2.38,1.55,2.68,1.16,2.49,0.98,0.95,2.24,2.76,1.61,1.98,0.83,0.95,4.19,4.07
1.75,1.56,1.78,1.38,1.97,2.23,1.16,2.49,1.08,2.08,2.13,1.51,1.2,1.34,2.86,2.53,1.6,2.67,6.34,6.64,3.94,1.12,1.34,1.41,2.85,2.02,2.25,1.68,1.75,1.98,2.46,1.62,2.73,1.21,2.52,1.02,0.97,2.28,2.8,1.66,2.02,0.89,1.01,4.14,4.11
1.9,1.67,1.81,1.44,2.07,2.31,1.28,2.59,1.14,2.19,2.18,1.55,1.24,1.46,2.87,2.55,1.66,2.75,6.34,6.63,3.98,1.17,1.42,1.53,2.93,2.08,2.31,1.77,1.81,2.03,2.52,1.69,2.78,1.27,2.5,1.09,1.04,2.34,2.84,1.75,2.05,0.98,1.09,4.08,4.14
2.02,1.75,1.84,1.5,2.18,2.38,1.37,2.64,1.19,2.31,2.22,1.62,1.29,1.57,2.9,2.57,1.68,2.86,6.33,6.63,4.03,1.22,1.47,1.62,2.99,2.15,2.37,1.89,1.86,2.08,2.59,1.76,2.82,1.35,2.55,1.12,1.12,2.38,2.87,1.78,2.1,1.1,1.14,4.03,4.18
2.11,1.9,1.86,1.57,2.26,2.47,1.45,2.69,1.26,2.42,2.29,1.64,1.32,1.66,2.96,2.58,1.77,2.93,6.32,6.62,4.12,1.34,1.55,1.7,3.05,2.22,2.42,1.95,1.94,2.12,2.64,1.8,2.86,1.44,2.57,1.14,1.16,2.42,2.89,1.81,2.15,1.17,1.22,3.88,4.21
2.18,1.97,1.89,1.66,2.34,2.58,1.52,2.69,1.31,2.49,2.35,1.68,1.35,1.74,3.02,2.61,1.83,3.0,6.33,6.61,4.15,1.39,1.6,1.79,3.14,2.3,2.47,2.03,2.0,2.18,2.7,1.86,2.9,1.48,2.59,1.16,1.25,2.47,2.94,1.85,2.2,1.24,1.3,3.84,4.25
2.25,2.1,1.93,1.72,2.46,2.65,1.57,2.74,1.39,2.56,2.42,1.75,1.43,1.84,3.05,2.65,1.89,3.06,6.35,6.61,4.17,1.43,1.62,1.83,3.22,2.37,2.52,2.1,2.05,2.22,2.74,1.92,2.92,1.53,2.63,1.23,1.3,2.53,2.96,1.9,2.27,1.33,1.39,3.83,4.07
2.3,2.18,1.98,1.78,2.53,2.73,1.61,2.79,1.44,2.63,2.46,1.76,1.49,1.9,3.06,2.66,1.95,3.11,6.36,6.62,4.19,1.55,1.64,1.9,3.29,2.43,2.57,2.14,2.11,2.27,2.78,1.98,2.95,1.62,2.67,1.28,1.35,2.55,2.97,1.96,2.34,1.39,1.45,3.86,4.11
2.34,2.21,2.06,1.85,2.6,2.82,1.64,2.84,1.47,2.7,2.53,1.78,1.58,1.96,3.09,2.68,1.98,3.17,6.36,6.62,4.2,1.66,1.67,1.98,3.37,2.47,2.6,2.17,2.16,2.31,2.81,2.04,3.0,1.64,2.68,1.3,1.38,2.57,3.0,1.98,2.39,1.44,1.53,3.88,4.14
2.38,2.27,2.17,1.92,2.68,2.9,1.67,2.89,1.53,2.74,2.62,1.83,1.67,2.04,3.1,2.69,2.03,3.22,6.35,6.62,4.27,1.78,1.75,2.05,3.44,2.54,2.64,2.2,2.22,2.36,2.85,2.09,3.08,1.69,2.74,1.39,1.41,2.61,3.04,2.03,2.48,1.5,1.57,3.89,4.18
2.42,2.3,2.25,1.97,2.77,2.99,1.7,2.94,1.57,2.79,2.74,1.88,1.7,2.11,3.13,2.69,2.11,3.29,6.37,6.64,4.28,1.84,1.83,2.11,3.5,2.58,2.67,2.23,2.27,2.39,2.9,2.13,3.15,1.73,2.75,1.41,1.46,2.66,3.08,2.09,2.53,1.57,1.65,3.91,4.21
2.4,2.34,2.33,2.02,2.85,3.05,1.75,2.99,1.62,2.87,2.85,1.94,1.73,2.18,3.14,2.7,2.21,3.34,6.37,6.64,4.34,1.89,1.97,2.2,3.57,2.62,2.71,2.28,2.31,2.44,2.94,2.16,3.2,1.76,2.76,1.44,1.54,2.7,3.1,2.11,2.61,1.63,1.71,3.94,4.25
2.39,2.36,2.36,2.06,2.91,3.07,1.78,2.99,1.64,2.89,2.93,1.97,1.76,2.21,3.15,2.7,2.34,3.38,6.38,6.64,4.36,1.93,2.04,2.26,3.64,2.64,2.73,2.26,2.35,2.46,2.98,2.19,3.24,1.84,2.78,1.46,1.56,2.72,3.14,2.22,2.65,1.68,1.73,3.95,4.29
2.39,2.37,2.38,2.08,2.94,3.1,1.81,2.97,1.66,2.92,2.96,2.04,1.78,2.25,3.16,2.74,2.45,3.41,6.38,6.65,4.37,2.02,2.08,2.3,3.69,2.65,2.74,2.23,2.37,2.45,3.0,2.18,3.29,1.89,2.81,1.51,1.59,2.78,3.21,2.25,2.72,1.7,1.77,3.99,4.29
2.38,2.36,2.37,2.07,2.92,3.09,1.8,2.97,1.65,2.9,2.93,2.08,1.79,2.24,3.18,2.79,2.44,3.39,6.37,6.66,4.37,2.04,2.11,2.29,3.67,2.62,2.73,2.22,2.36,2.44,2.98,2.17,3.32,1.9,2.83,1.52,1.65,2.79,3.19,2.26,2.78,1.69,1.78,3.97,4.27
2.36,2.34,2.36,2.05,2.91,3.08,1.79,2.96,1.63,2.88,2.91,2.13,1.82,2.23,3.2,2.81,2.46,3.38,6.36,6.66,4.34,2.03,2.14,2.28,3.66,2.58,2.72,2.2,2.34,2.43,2.95,2.15,3.27,1.91,2.82,1.54,1.67,2.8,3.2,2.27,2.8,1.71,1.81,4.0,4.26
2.35,2.32,2.34,2.03,2.89,3.07,1.76,2.96,1.62,2.85,2.88,2.14,1.83,2.21,3.24,2.82,2.49,3.35,6.36,6.67,4.35,2.07,2.15,2.26,3.64,2.55,2.7,2.18,2.32,2.42,2.93,2.13,3.21,1.95,2.87,1.57,1.73,2.87,3.23,2.3,2.83,1.77,1.93,4.02,4.24
2.32,2.29,2.31,2.02,2.86,3.05,1.74,2.99,1.6,2.83,2.88,2.17,1.89,2.19,3.27,2.86,2.53,3.33,6.35,6.68,4.33,2.14,2.18,2.24,3.62,2.51,2.68,2.16,2.29,2.4,2.9,2.11,3.17,2.02,2.89,1.61,1.77,2.89,3.28,2.31,2.86,1.84,1.96,4.05,4.21
2.3,2.22,2.26,1.97,2.81,3.02,1.68,2.92,1.55,2.77,2.83,2.15,1.86,2.14,3.28,2.84,2.51,3.28,6.35,6.67,4.35,2.1,2.17,2.2,3.55,2.49,2.62,2.12,2.25,2.36,2.85,2.07,3.12,2.04,2.85,1.58,1.78,2.84,3.24,2.34,2.88,1.87,2.03,3.99,4.18
2.25,2.16,2.21,1.9,2.4,2.96,1.62,2.93,1.5,2.7,2.77,2.16,1.87,2.08,3.29,2.83,2.5,3.21,6.35,6.67,4.38,2.03,2.15,2.16,3.49,2.44,2.57,2.05,2.2,2.31,2.8,2.03,3.06,2.02,2.84,1.62,1.76,2.84,3.23,2.33,2.87,1.88,2.02,3.97,4.13
2.2,2.11,2.14,1.83,2.34,2.91,1.55,2.94,1.44,2.65,2.71,2.14,1.88,2.02,3.29,2.8,2.5,3.14,6.34,6.66,4.35,2.02,2.12,2.1,3.42,2.36,2.51,1.99,2.14,2.23,2.73,1.99,3.02,2.01,2.81,1.61,1.77,2.82,3.23,2.3,2.86,1.75,1.98,3.94,4.07
2.14,2.05,2.1,1.77,2.27,2.82,1.51,2.89,1.33,2.6,2.63,2.11,1.85,1.89,3.25,2.66,2.44,3.07,6.34,6.65,4.3,2.0,2.11,2.05,3.34,2.26,2.47,1.92,2.1,2.17,2.7,1.89,2.93,1.96,2.75,1.59,1.73,2.8,3.18,2.17,2.83,1.68,1.93,3.7,4.01
2.03,1.96,2.05,1.72,2.22,2.74,1.46,2.92,1.26,2.49,2.55,2.1,1.83,1.78,3.23,2.63,2.37,2.98,6.33,6.65,4.22,1.91,2.08,2.0,3.25,2.13,2.39,1.84,2.02,2.09,2.68,1.85,2.88,1.93,2.73,1.56,1.72,2.71,3.09,2.14,2.8,1.5,1.9,3.69,3.91
1.97,1.87,1.99,1.63,2.16,2.66,1.37,2.92,1.22,2.4,2.43,2.04,1.82,1.66,3.2,2.61,2.34,2.87,6.33,6.64,4.05,1.82,2.07,1.94,3.07,2.04,2.34,1.77,1.95,1.99,2.41,1.75,2.83,1.91,2.67,1.53,1.67,2.68,3.1,2.09,2.78,1.48,1.88,3.64,3.81
1.89,1.74,1.95,1.6,2.11,2.6,1.31,3.03,1.23,2.38,2.38,1.84,1.51,1.63,3.03,2.64,2.09,2.69,6.3,6.61,4.24,1.75,1.87,1.89,3.04,2.0,2.29,1.73,1.87,1.98,2.3,1.67,2.73,1.54,2.39,1.27,1.47,2.28,3.05,1.94,2.7,1.29,1.99,3.76,3.61
1.6,1.47,1.91,1.41,1.97,2.42,1.06,3.24,1.18,2.33,2.35,1.55,1.46,1.59,2.87,2.52,2.05,2.53,6.28,6.6,4.29,1.53,1.57,1.64,2.79,1.88,2.08,1.71,1.78,1.94,2.11,1.64,2.6,1.35,2.06,1.33,0.93,2.07,2.96,1.86,2.64,1.17,2.1,3.72,3.48
1.51,1.25,1.61,1.27,2.01,2.27,1.14,3.06,0.79,2.09,2.16,1.47,1.28,1.25,2.82,2.4,2.01,2.32,6.27,6.58,4.33,1.36,1.29,1.41,2.49,1.74,1.95,1.65,1.5,1.74,1.94,1.46,2.46,1.23,1.93,1.46,0.87,1.99,2.81,1.81,2.65,0.95,2.24,3.64,3.24
1.43,1.18,1.72,1.36,2.07,2.12,1.21,2.74,0.57,2.06,2.04,1.35,1.12,1.14,2.76,2.39,1.95,2.39,6.23,6.57,4.41,1.33,1.34,1.26,2.14,1.77,2.02,1.34,1.4,1.59,1.75,1.32,2.52,1.05,1.72,1.47,0.71,1.96,2.83,1.78,2.68,0.78,2.41,3.56,3.01
1.3,0.91,1.79,1.44,1.94,2.15,1.02,2.69,0.47,1.98,1.95,1.14,1.23,0.96,2.69,2.31,1.93,2.45,6.19,6.57,4.46,1.14,1.42,1.12,1.84,1.68,2.08,1.26,1.35,1.49,1.81,1.39,2.39,0.74,1.65,1.4,0.76,1.81,2.6,1.76,2.61,0.4,2.42,3.6,2.9
1.35,0.54,1.59,1.33,2.0,2.2,1.1,2.84,0.53,1.93,1.98,0.93,1.24,1.04,2.63,1.97,1.74,2.5,6.16,6.56,4.48,0.92,1.18,1.15,1.95,1.73,1.96,1.12,1.39,1.52,1.88,1.46,2.23,0.63,1.6,1.32,0.65,1.78,2.24,1.69,2.45,0.43,2.35,3.63,2.95
1.18,0.51,1.51,1.4,1.81,2.32,1.23,2.29,0.55,1.79,2.03,1.02,1.13,1.12,2.34,1.83,1.36,2.59,6.17,6.58,4.32,0.64,1.05,1.2,2.04,1.35,1.64,1.15,1.42,1.59,1.92,1.29,2.3,0.6,1.5,1.19,0.49,1.62,2.02,1.74,2.24,0.67,1.9,3.51,2.86
1.01,0.58,1.21,1.46,1.72,2.27,1.29,2.19,0.51,1.68,2.11,1.05,1.19,1.18,2.38,1.89,1.25,2.45,6.17,6.59,4.21,0.66,1.08,1.35,2.14,1.41,1.7,1.2,1.49,1.39,1.7,1.18,2.36,0.62,1.48,1.07,0.54,1.58,1.89,1.8,2.12,0.88,1.66,3.49,2.91
0.97,0.55,1.42,1.18,1.63,2.36,1.06,2.09,0.7,1.86,1.9,1.01,1.3,1.0,2.43,1.99,1.33,2.24,6.18,6.59,4.24,0.73,1.15,1.13,2.24,1.45,1.76,1.24,1.21,1.44,1.76,1.34,2.29,0.7,1.6,1.16,0.67,1.71,1.83,1.86,2.07,0.93,1.64,3.35,3.01
0.9,0.85,1.53,1.22,1.74,2.29,0.98,2.79,0.85,1.91,1.98,0.99,1.33,1.14,2.51,2.01,1.43,2.37,6.2,6.61,4.26,0.85,1.27,1.24,2.34,1.5,1.63,1.02,1.3,1.55,1.55,1.38,2.35,0.75,1.74,1.21,0.82,1.85,1.86,1.92,2.17,1.09,1.43,3.28,3.06
0.85,0.96,1.31,1.27,1.66,2.06,1.15,2.99,1.06,1.76,2.11,1.04,1.39,1.24,2.54,2.05,1.62,2.43,6.18,6.62,4.3,0.96,1.38,1.42,2.27,1.55,1.73,1.06,1.36,1.63,1.61,1.44,2.34,0.81,1.73,1.3,0.89,1.99,1.98,2.07,2.25,0.91,1.45,3.3,2.98
0.8,1.02,1.01,0.93,1.42,1.42,0.9,1.84,0.87,1.51,1.69,0.86,1.1,0.99,2.37,1.9,1.46,1.9,6.14,6.58,4.27,0.78,1.06,1.04,1.84,1.15,1.3,0.45,0.9,1.41,1.3,1.08,2.16,0.76,1.37,1.1,0.71,1.93,1.87,2.04,2.04,0.64,1.19,3.18,2.57
0.7,0.82,0.86,0.76,0.31,1.22,1.01,0.95,0.93,1.2,1.53,0.77,1.19,0.73,2.48,1.92,1.38,1.17,6.15,6.6,4.56,0.65,1.14,0.73,1.64,1.05,1.18,0.27,0.83,1.27,1.2,0.85,1.88,0.34,1.68,1.07,0.76,1.91,1.88,2.06,2.05,0.71,1.56,3.43,2.26
0.5,0.32,0.11,0.51,0.46,1.22,1.02,1.19,0.95,0.93,1.79,0.68,1.27,0.56,2.5,1.93,1.29,1.22,6.16,6.61,4.74,0.51,1.17,0.35,1.29,0.65,1.06,0.36,0.54,1.02,0.88,0.35,1.94,0.03,1.9,1.02,0.71,1.83,1.89,2.03,2.13,0.78,1.67,3.86,2.18
0.63,0.4,0.46,0.58,0.77,1.27,0.12,1.74,0.2,1.05,1.9,0.74,1.3,0.64,2.59,1.96,1.27,1.43,6.17,6.6,4.63,0.43,1.08,0.49,1.37,0.75,1.12,0.49,0.6,1.09,0.93,0.38,2.03,0.38,2.01,1.13,0.55,1.85,1.93,1.98,2.12,0.85,1.72,3.91,2.3
0.74,0.44,0.54,0.71,0.88,1.32,0.26,1.79,0.56,1.12,2.01,0.83,1.33,0.77,2.62,1.99,1.33,1.66,6.18,6.58,4.66,0.47,1.15,0.6,1.49,0.88,1.24,0.65,0.7,1.2,1.01,0.54,2.05,0.25,2.13,1.15,0.42,1.89,1.97,1.85,2.17,0.7,1.79,4.06,2.36
0.79,0.62,0.62,0.76,0.95,1.37,0.35,2.34,0.79,1.3,2.14,0.86,1.38,0.94,2.56,1.98,1.36,1.84,6.19,6.57,4.67,0.48,1.21,0.73,1.74,1.0,1.27,0.69,0.76,1.29,1.1,0.6,2.08,0.01,2.14,1.18,0.36,1.96,2.05,1.81,2.2,0.67,1.84,4.08,2.48
0.88,0.63,0.79,0.85,1.08,1.48,0.39,2.61,0.94,1.46,2.37,0.87,1.36,1.15,2.48,2.01,1.41,2.0,6.18,6.57,4.7,0.62,1.26,0.89,1.92,1.06,1.42,0.65,0.82,1.38,1.25,0.63,2.08,0.06,1.97,1.16,0.37,2.02,2.08,1.83,2.22,0.63,1.85,4.07,2.7
0.76,0.69,0.72,0.78,1.07,1.4,0.34,2.36,1.01,1.08,2.42,0.9,1.47,1.22,2.5,2.02,1.46,2.11,6.2,6.55,4.71,0.7,1.4,0.92,1.96,1.03,1.39,0.64,0.79,1.34,1.22,0.63,1.99,0.13,2.04,1.2,0.45,2.03,2.22,2.01,2.24,0.76,1.9,4.09,2.78
0.82,0.75,0.78,0.81,1.33,1.52,0.46,2.74,1.09,1.3,2.47,0.95,1.55,1.3,2.53,2.04,1.47,2.19,6.21,6.58,4.73,0.77,1.57,0.98,2.06,1.1,1.47,0.8,0.88,1.39,1.36,0.69,2.05,0.31,2.07,1.22,0.52,2.11,2.35,2.09,2.27,0.88,1.93,4.08,2.86
0.9,0.88,0.91,0.69,0.96,1.64,0.45,2.79,1.17,1.52,2.56,0.97,1.58,1.39,2.54,2.06,1.6,2.28,6.23,6.59,4.78,0.81,1.62,1.04,2.14,1.17,1.56,0.79,0.73,1.29,1.19,0.77,2.06,0.74,2.12,1.36,0.56,2.17,2.43,2.14,2.3,0.91,1.95,4.05,2.97
1.01,0.99,1.02,0.75,1.05,1.81,0.52,2.99,1.26,1.75,2.63,1.04,1.62,1.47,2.6,2.07,1.64,2.37,6.24,6.59,4.81,0.89,1.65,1.09,2.23,1.25,1.64,0.85,0.85,1.38,1.25,0.92,2.14,0.91,2.05,1.38,0.66,2.21,2.48,2.21,2.33,0.95,2.04,4.04,3.03
1.19,1.05,1.2,1.03,1.24,1.92,0.67,3.64,1.44,1.87,2.71,1.08,1.73,1.52,2.64,2.18,1.75,2.44,6.26,6.62,4.77,1.02,1.74,1.15,2.28,1.46,1.87,1.14,1.05,1.46,1.55,1.02,2.22,1.27,2.13,1.57,0.8,2.26,2.57,2.23,2.32,1.01,2.11,3.98,3.12
1.24,1.14,1.22,1.17,1.55,2.04,0.75,3.35,1.63,1.92,2.74,1.23,1.82,1.58,2.63,2.21,1.78,2.5,6.25,6.63,4.76,1.14,1.8,1.2,2.35,1.5,1.91,1.22,1.17,1.51,1.61,1.07,2.25,1.28,2.0,1.49,0.86,2.24,2.6,2.27,2.36,1.0,2.12,4.02,3.01
1.55,1.12,1.52,1.28,1.73,2.16,0.84,2.94,1.12,1.96,2.78,1.28,1.84,1.65,2.69,2.21,1.85,2.19,6.25,6.61,4.78,1.23,1.83,1.26,2.48,1.44,1.96,1.27,1.24,1.4,1.57,1.18,2.14,1.68,1.95,1.45,0.91,2.31,2.63,2.3,2.35,1.13,2.35,3.94,3.09
0.85,0.77,0.9,1.01,1.34,1.64,0.47,2.89,1.16,1.98,2.48,1.3,1.86,1.44,2.7,2.25,1.99,2.26,6.26,6.6,4.77,1.31,1.84,1.35,2.64,1.11,1.47,0.83,0.88,1.43,1.47,0.74,2.19,1.13,1.98,1.41,0.96,2.35,2.64,2.35,2.37,1.19,2.44,3.79,3.13
1.34,1.44,1.81,1.54,1.99,2.42,1.07,3.02,1.23,2.03,2.55,1.36,1.94,1.52,2.8,2.25,2.07,2.34,6.28,6.58,4.81,1.33,1.93,1.42,2.74,1.2,2.08,1.54,1.49,1.49,1.84,1.44,2.22,1.29,2.04,1.48,1.03,2.36,2.67,2.41,2.4,1.4,2.57,3.65,3.25
1.39,1.52,1.87,1.61,2.1,2.53,1.2,2.99,1.01,2.06,2.8,1.44,2.05,1.59,2.82,2.27,2.1,2.43,6.3,6.58,4.8,1.4,2.01,1.55,2.89,1.33,1.69,2.03,0.95,2.29,1.93,1.48,2.28,1.33,2.05,1.46,1.09,2.38,2.74,2.48,2.42,1.48,2.65,3.63,3.31
1.44,1.65,1.98,1.68,2.2,2.64,1.27,3.34,1.04,2.08,2.9,1.57,2.18,1.67,2.83,2.3,2.21,2.49,6.3,6.58,4.85,1.46,2.06,1.61,3.04,1.42,2.21,1.72,1.6,1.62,1.99,1.65,2.32,1.35,2.07,1.52,1.1,2.42,2.75,2.5,2.43,1.63,2.71,3.59,3.41
1.53,1.73,2.11,1.79,2.29,2.73,1.4,2.94,1.09,2.11,2.98,1.71,2.32,1.74,2.77,2.29,2.23,2.54,6.31,6.56,4.78,1.45,2.08,1.68,3.14,1.51,2.26,1.81,1.67,1.69,2.05,1.73,2.37,1.44,2.14,1.54,1.05,2.29,2.8,2.44,2.04,1.85,2.72,3.04,3.35
1.58,1.69,2.14,1.83,2.33,2.77,1.44,2.94,1.23,1.99,3.0,1.78,2.33,1.56,2.78,2.24,2.22,2.36,6.2,6.57,4.53,1.19,1.81,1.41,2.94,1.45,2.15,1.86,1.69,1.59,1.81,1.64,2.32,1.07,1.9,1.55,1.1,2.26,2.51,2.4,1.65,1.75,2.49,2.96,3.31
1.62,1.67,2.16,1.85,2.38,2.81,1.47,2.94,1.21,1.9,2.88,1.66,2.07,1.35,2.8,2.16,2.16,2.19,6.21,6.57,4.5,1.13,1.55,1.2,2.54,1.38,1.97,1.92,1.54,1.49,1.63,1.49,2.2,0.84,1.48,1.56,0.88,2.23,2.5,2.36,1.5,1.57,2.45,3.12,3.12
1.58,1.55,2.01,1.78,2.38,2.72,1.39,2.59,0.88,1.68,2.64,1.41,1.98,1.14,2.8,2.15,1.88,2.07,6.22,6.58,4.45,1.04,1.31,1.01,2.42,1.25,1.88,1.87,1.4,1.44,1.35,1.3,2.1,0.8,1.44,1.51,0.84,2.2,2.33,2.27,1.48,1.31,2.37,3.26,3.01
1.31,1.4,1.77,1.46,2.33,2.42,1.33,2.78,0.63,1.59,2.49,1.3,1.51,0.92,2.75,2.14,1.56,1.85,6.22,6.6,4.44,1.03,1.25,0.83,2.14,1.05,1.62,1.63,1.08,1.29,1.1,0.92,2.0,0.76,0.8,1.2,0.72,2.16,2.37,2.18,1.44,1.28,2.32,3.37,2.84
1.15,1.28,1.58,1.29,2.01,2.27,1.17,2.56,0.14,1.48,2.07,0.97,1.46,0.7,2.6,2.03,1.37,1.63,6.22,6.61,4.42,1.01,1.27,0.69,2.14,0.87,1.46,1.45,0.9,1.18,0.99,0.69,1.87,0.77,0.79,1.12,0.69,1.92,2.38,2.05,1.39,1.17,2.19,3.38,2.79
0.78,1.09,1.32,0.88,1.76,1.52,0.76,1.99,0.55,1.34,1.78,0.98,1.43,0.54,2.61,2.05,1.29,1.5,6.23,6.61,4.36,0.94,1.3,0.54,2.11,0.71,1.22,1.43,0.83,1.09,0.74,0.48,1.81,0.74,0.67,1.09,0.66,1.69,2.41,2.02,1.33,1.06,2.13,3.41,2.72
0.62,0.95,1.21,0.73,1.31,1.35,0.56,2.49,0.44,1.36,1.69,0.81,1.3,0.57,2.6,2.07,1.32,1.54,6.24,6.62,4.38,1.03,1.31,0.48,1.98,0.53,1.03,1.33,0.72,0.99,0.78,0.37,1.78,0.78,0.53,0.94,0.42,1.7,2.45,2.03,1.12,1.08,2.16,3.43,2.79
0.65,0.97,1.24,0.66,0.87,1.3,0.37,2.64,0.38,1.39,1.73,0.83,1.11,0.61,2.63,2.1,1.4,1.59,6.24,6.64,4.37,1.04,1.33,0.38,1.93,0.32,1.07,0.99,0.64,0.97,0.85,0.32,1.83,0.8,0.49,1.0,0.39,1.71,2.46,2.06,1.11,1.17,2.18,3.75,2.86
0.69,1.01,1.28,0.71,0.91,1.32,0.3,2.99,0.46,1.43,1.77,0.84,1.12,0.65,2.63,2.11,1.44,1.63,6.26,6.66,4.35,1.12,1.35,0.42,1.95,0.37,1.11,0.88,0.67,1.0,0.9,0.36,1.88,0.84,0.6,1.01,0.43,1.75,2.46,2.07,1.2,1.18,2.2,3.8,2.91
0.76,1.07,1.33,0.77,1.09,1.43,0.37,3.02,0.07,1.54,1.86,0.92,1.21,0.77,2.64,2.11,1.43,1.78,6.27,6.66,4.34,1.13,1.44,0.52,2.08,0.48,1.17,0.92,0.75,1.09,1.02,0.5,1.95,0.86,0.68,1.03,0.5,1.8,2.48,2.1,1.25,1.2,2.22,3.81,3.03
0.83,1.14,1.46,0.86,1.15,1.56,0.42,2.59,0.15,1.62,1.94,0.93,1.27,0.94,2.68,2.12,1.46,1.87,6.27,6.67,4.33,1.18,1.47,0.61,2.17,0.6,1.24,0.98,0.81,1.16,1.1,0.56,2.02,0.86,0.72,1.07,0.51,1.83,2.48,2.11,1.31,1.22,2.28,3.83,3.09
0.91,1.26,1.57,1.02,1.23,1.68,0.47,2.64,0.23,1.7,2.03,0.95,1.36,1.06,2.67,2.16,1.47,1.96,6.27,6.66,4.31,1.22,1.48,0.72,2.24,0.73,1.32,1.03,0.88,1.25,1.19,0.64,2.07,0.96,0.74,1.18,0.54,1.86,2.51,2.11,1.4,1.23,2.27,3.82,3.13
0.93,1.29,1.6,1.05,1.31,1.72,0.54,3.29,0.25,1.78,2.06,0.97,1.37,1.14,2.68,2.17,1.49,2.01,6.27,6.66,4.34,1.24,1.52,0.77,2.32,0.76,1.35,1.07,0.92,1.29,1.22,0.69,2.13,0.98,0.72,1.19,0.63,1.95,2.59,2.18,1.43,1.29,2.32,3.83,3.21
0.95,1.32,1.61,1.11,1.38,1.77,0.59,3.37,0.36,1.86,2.1,0.98,1.41,1.2,2.67,2.2,1.51,2.09,6.28,6.66,4.35,1.27,1.54,0.82,2.36,0.83,1.38,1.1,0.96,1.32,1.27,0.76,2.16,1.03,0.78,1.22,0.7,2.02,2.61,2.23,1.44,1.31,2.38,3.85,3.29
0.98,1.35,1.65,1.17,1.5,1.8,0.65,3.43,0.45,1.91,2.13,1.13,1.44,1.25,2.7,2.21,1.63,2.2,6.29,6.68,4.36,1.3,1.57,0.86,2.45,0.89,1.41,1.14,1.04,1.36,1.34,0.82,2.21,1.04,0.81,1.34,0.73,2.03,2.64,2.27,1.52,1.34,2.4,3.86,3.35
1.01,1.39,1.69,1.23,1.59,1.83,0.68,3.49,0.56,1.97,2.18,1.14,1.46,1.33,2.72,2.24,1.66,2.29,6.29,6.68,4.36,1.31,1.59,0.9,2.55,0.94,1.45,1.17,1.09,1.4,1.4,0.88,2.26,1.11,0.92,1.39,0.75,2.06,2.67,2.3,1.65,1.39,2.45,3.87,3.42
1.05,1.43,1.71,1.31,1.64,1.88,0.72,3.57,0.64,2.01,2.23,1.18,1.52,1.36,2.72,2.28,1.68,2.37,6.3,6.69,4.38,1.35,1.66,0.94,2.66,0.98,1.47,1.2,1.13,1.44,1.48,0.95,2.3,1.17,0.92,1.43,0.84,2.1,2.73,2.33,1.69,1.4,2.49,3.89,3.51
1.08,1.46,1.77,1.38,1.79,1.93,0.77,3.64,0.68,2.08,2.27,1.2,1.53,1.44,2.75,2.29,1.71,2.45,6.3,6.7,4.37,1.37,1.73,0.97,2.74,1.05,1.5,1.24,1.2,1.5,1.57,1.03,2.35,1.19,0.99,1.5,0.87,2.13,2.74,2.32,1.75,1.42,2.49,3.89,3.61
1.19,1.5,1.81,1.41,1.84,2.02,0.86,2.29,0.8,2.16,2.32,1.23,1.55,1.49,2.78,2.37,1.78,2.51,6.29,6.71,4.39,1.4,1.74,1.01,2.8,1.12,1.57,1.32,1.27,1.59,1.63,1.11,2.37,1.2,1.0,1.53,0.89,2.15,2.75,2.35,1.75,1.48,2.5,3.93,3.67
1.25,1.54,1.86,1.45,1.9,2.1,0.95,2.36,0.89,2.22,2.35,1.24,1.67,1.52,2.79,2.4,1.83,2.59,6.29,6.71,4.41,1.42,1.75,1.06,2.88,1.21,1.64,1.43,1.36,1.69,1.7,1.18,2.4,1.22,1.03,1.55,0.9,2.16,2.77,2.38,1.77,1.49,2.54,3.97,3.72
1.3,1.71,1.91,1.51,1.95,2.17,0.99,2.46,0.96,2.29,2.4,1.26,1.78,1.58,2.82,2.49,1.85,2.66,6.3,6.7,4.41,1.46,1.77,1.13,2.94,1.31,1.72,1.57,1.44,1.73,1.79,1.27,2.45,1.25,1.05,1.57,0.94,2.19,2.8,2.42,1.84,1.54,2.55,3.98,3.77
1.36,1.82,1.93,1.55,2.06,2.28,1.13,2.49,1.02,2.38,2.45,1.29,1.82,1.64,2.84,2.49,1.86,2.74,6.31,6.69,4.54,1.51,1.82,1.19,3.0,1.4,1.81,1.71,1.51,1.78,1.83,1.35,2.48,1.27,1.08,1.61,0.98,2.22,2.81,2.45,1.85,1.56,2.61,4.02,3.8
1.41,1.95,1.98,1.63,2.12,2.34,1.22,2.74,1.1,2.41,2.52,1.34,1.94,1.71,2.84,2.51,1.94,2.83,6.31,6.68,4.61,1.54,1.86,1.36,3.09,1.52,1.9,1.77,1.59,1.83,1.9,1.41,2.52,1.32,1.11,1.62,1.02,2.22,2.81,2.51,1.9,1.59,2.63,4.02,3.83
1.46,2.01,2.11,1.69,2.17,2.48,1.29,2.79,1.17,2.44,2.56,1.43,2.01,1.78,2.88,2.52,1.97,2.91,6.32,6.68,4.92,1.57,1.89,1.42,3.17,1.6,1.99,1.83,1.64,1.89,1.98,1.5,2.55,1.36,1.13,1.69,1.03,2.26,2.83,2.51,1.91,1.65,2.66,4.04,3.88
1.5,2.07,2.22,1.75,2.28,2.56,1.36,2.84,1.25,2.48,2.63,1.45,2.08,1.89,2.9,2.55,2.03,3.0,6.32,6.68,5.18,1.65,2.0,1.5,3.28,1.65,2.03,2.02,1.68,1.9,2.02,1.56,2.63,1.53,1.19,1.76,1.16,2.38,2.97,2.54,1.97,1.67,2.8,4.06,3.91
1.61,2.02,2.31,1.83,2.42,2.62,1.43,2.84,1.4,2.54,2.74,1.57,2.14,2.01,2.94,2.58,2.11,3.11,6.33,6.69,5.3,1.71,2.12,1.56,3.39,1.71,2.07,2.05,1.71,1.93,2.09,1.63,2.7,1.66,1.32,1.83,1.24,2.5,3.03,2.57,2.18,1.69,2.86,4.09,3.95
1.75,2.15,2.31,1.9,2.49,2.7,1.51,2.84,1.48,2.59,2.83,1.61,2.22,2.1,2.94,2.6,2.19,3.24,6.32,6.69,5.39,1.79,2.21,1.64,3.46,1.76,2.13,2.08,1.75,1.96,2.14,1.66,2.77,1.74,1.47,1.96,1.37,2.65,3.21,2.61,2.47,1.73,2.97,4.11,3.99
1.83,2.23,2.39,1.96,2.55,2.75,1.59,2.65,1.56,2.68,2.89,1.7,2.29,2.2,2.95,2.71,2.27,3.31,6.31,6.71,5.71,1.93,2.28,1.73,3.58,1.82,2.2,2.1,1.78,1.99,2.2,1.78,2.86,1.85,1.64,2.07,1.49,2.78,3.37,2.65,2.7,1.74,3.09,4.12,4.02
1.99,2.27,2.41,2.02,2.62,2.82,1.67,2.69,1.65,2.78,2.96,1.76,2.4,2.27,3.01,2.78,2.34,3.34,6.3,6.72,5.8,2.02,2.33,1.8,3.64,1.91,2.27,2.13,1.84,2.02,2.25,1.96,2.91,2.0,1.81,2.22,1.67,2.93,3.45,2.67,2.87,1.91,3.22,4.14,4.05
2.08,2.23,2.39,2.05,2.66,2.89,1.74,2.69,1.75,2.82,3.03,1.87,2.58,2.24,3.06,2.86,2.41,3.31,6.3,6.72,5.95,2.06,2.36,1.88,3.7,1.96,2.32,2.16,1.89,2.09,2.32,2.05,2.95,2.23,2.12,2.34,1.82,2.97,3.5,2.69,3.03,1.92,3.33,4.12,4.07
2.07,2.23,2.31,2.01,2.69,2.87,1.78,2.69,1.71,2.8,3.0,2.01,2.71,2.22,3.07,2.96,2.49,3.26,6.29,6.73,6.14,2.11,2.38,1.92,3.73,1.94,2.28,2.18,1.92,2.12,2.3,2.11,3.0,2.29,2.28,2.39,1.83,3.05,3.54,2.72,3.16,1.88,3.31,4.07,4.03
2.04,2.2,2.21,1.93,2.63,2.82,1.76,2.69,1.64,2.76,2.92,2.08,2.73,2.09,3.06,2.94,2.49,3.17,6.29,6.73,6.2,2.12,2.38,1.89,3.69,1.87,2.23,2.21,1.9,2.09,2.26,2.09,3.06,2.28,2.41,2.3,1.81,3.03,3.51,2.67,3.12,1.85,3.26,4.0,3.99
1.95,2.14,2.03,2.09,2.56,2.74,1.73,2.69,1.55,2.71,2.87,2.04,2.65,2.03,3.05,2.93,2.46,3.09,6.29,6.71,6.22,2.1,2.34,1.85,3.63,1.83,2.17,2.17,1.87,2.03,2.23,2.04,3.1,2.24,2.38,2.34,1.78,3.0,3.5,2.68,3.13,1.82,3.25,3.99,3.93
1.88,2.08,1.96,2.02,2.51,2.68,1.67,2.64,1.47,2.65,2.81,2.04,2.62,1.95,3.0,2.87,2.43,3.01,6.3,6.71,6.19,2.09,2.33,1.79,3.54,1.75,2.06,2.12,1.82,1.97,2.18,1.98,3.06,2.22,2.37,2.33,1.75,2.99,3.48,2.65,3.1,1.78,3.25,3.97,3.88
1.82,1.97,1.85,1.94,2.4,2.59,1.59,2.64,1.42,2.58,2.73,2.03,2.61,1.88,3.0,2.87,2.42,2.95,6.3,6.71,6.08,2.07,2.3,1.67,3.42,1.66,1.97,2.06,1.76,1.89,2.1,1.92,3.02,2.19,2.36,2.29,1.74,2.93,3.48,2.64,3.07,1.74,3.23,3.98,3.81
1.74,1.88,1.74,1.85,2.29,2.51,1.54,2.59,1.35,2.49,2.63,2.03,2.57,1.81,2.98,2.87,2.43,2.8,6.31,6.71,6.07,2.03,2.26,1.58,3.31,1.55,1.89,1.98,1.71,1.84,2.01,1.85,2.94,2.2,2.35,2.27,1.72,2.87,3.47,2.57,3.03,1.6,3.22,3.85,3.72
1.68,1.82,1.7,1.81,2.24,2.45,1.49,2.49,1.31,2.46,2.58,2.02,2.54,1.78,2.96,2.84,2.34,2.75,6.32,6.7,6.02,2.01,2.24,1.55,3.27,1.52,1.87,1.96,1.69,1.81,1.99,1.82,2.87,2.19,2.3,2.26,1.71,2.84,3.41,2.56,3.03,1.54,3.18,3.92,3.67
1.6,1.75,1.62,1.74,2.18,2.38,1.43,2.59,1.26,2.41,2.53,1.98,2.51,1.73,2.93,2.82,2.26,2.7,6.32,6.7,5.99,2.0,2.22,1.52,3.24,1.47,1.84,1.92,1.66,1.78,1.93,1.78,2.83,2.15,2.27,2.22,1.7,2.8,3.37,2.55,3.01,1.47,3.15,3.89,3.63
1.51,1.68,1.55,1.68,2.12,2.34,1.36,2.59,1.23,2.37,2.49,1.94,2.5,1.66,2.92,2.78,2.21,2.64,6.33,6.69,5.95,1.97,2.2,1.49,3.2,1.42,1.79,1.88,1.61,1.75,1.88,1.68,2.79,1.83,2.26,2.15,1.67,2.78,3.36,2.51,2.97,1.46,3.15,3.84,3.58
1.4,1.59,1.5,1.59,2.04,2.3,1.3,2.59,1.18,2.32,2.46,1.91,2.41,1.63,2.9,2.67,2.16,2.59,6.33,6.68,5.94,1.95,2.17,1.45,3.16,1.38,1.76,1.83,1.58,1.69,1.81,1.63,2.74,1.81,2.24,2.09,1.65,2.75,3.3,2.5,2.94,1.42,3.0,3.81,3.53
1.44,1.62,1.53,1.62,2.08,2.34,1.35,2.64,1.21,2.34,2.5,1.9,2.34,1.66,2.85,2.63,2.09,2.63,6.34,6.67,5.78,1.91,2.12,1.48,3.22,1.4,1.79,1.85,1.62,1.72,1.85,1.67,2.69,1.77,2.15,2.07,1.62,2.71,3.26,2.47,2.88,1.4,2.97,3.78,3.56
1.37,1.67,1.57,1.64,2.11,2.38,1.39,2.73,1.26,2.38,2.55,1.88,2.32,1.7,2.79,2.6,2.04,2.66,6.33,6.65,5.67,1.9,2.1,1.52,3.26,1.44,1.81,1.87,1.67,1.75,1.9,1.71,2.67,1.74,2.08,2.05,1.59,2.69,3.23,2.38,2.87,1.34,2.95,3.76,3.59
1.3,1.59,1.54,1.51,1.91,2.3,1.36,2.49,1.38,1.98,2.58,1.64,2.11,1.72,2.7,2.36,1.96,2.49,6.37,6.66,5.32,1.73,1.75,1.2,3.29,1.47,1.84,1.9,1.2,1.59,1.55,1.38,2.69,1.23,1.85,1.96,1.1,2.37,3.05,1.99,2.78,1.29,1.53,3.69,3.44
1.22,1.13,1.25,1.27,1.82,2.06,1.08,2.49,1.25,1.88,2.54,1.49,1.49,1.74,2.67,2.37,1.69,2.3,6.38,6.66,5.13,1.42,1.61,1.02,3.04,1.25,1.49,1.52,1.05,1.51,1.31,0.95,2.55,1.2,1.49,1.43,0.89,1.89,2.8,1.98,2.49,1.24,1.46,3.68,3.03
1.09,1.11,1.11,1.32,1.7,2.0,0.96,2.51,1.01,1.78,2.38,1.34,1.53,1.46,2.65,2.34,1.71,2.16,6.42,6.67,4.96,1.34,1.64,0.8,2.84,1.08,1.3,1.35,0.85,1.37,1.22,0.63,2.45,1.19,1.25,1.31,0.86,1.92,2.68,2.06,2.12,1.16,1.32,3.71,2.86
1.13,0.97,1.17,1.36,1.73,2.02,0.88,2.51,0.41,1.68,2.16,1.04,1.56,1.28,2.53,2.25,1.74,2.24,6.45,6.68,4.94,1.13,1.48,0.71,2.59,0.9,1.35,1.23,0.7,1.29,1.25,0.34,2.53,1.15,1.2,1.25,0.93,1.76,2.66,2.11,2.17,0.94,1.17,3.62,2.92
1.19,0.96,1.24,1.4,1.79,2.05,0.91,2.78,0.23,1.68,2.03,0.92,1.32,1.32,2.43,2.24,1.4,2.29,6.48,6.68,4.9,1.16,1.44,0.77,2.65,0.95,1.41,1.27,0.78,1.33,1.28,0.27,2.44,1.09,1.16,1.23,0.98,1.68,2.55,1.7,2.0,0.82,1.06,3.83,2.99
1.25,0.87,1.32,1.14,1.83,2.09,0.95,2.42,0.34,1.48,2.08,0.87,1.27,1.38,2.41,2.07,1.48,2.37,6.5,6.69,4.82,1.17,1.47,0.84,2.44,1.02,1.45,1.3,0.89,1.41,1.0,0.37,2.3,1.0,1.23,1.11,0.77,1.51,2.48,1.65,1.91,0.77,1.04,3.85,2.73
0.91,0.49,0.79,0.88,1.69,1.55,0.71,1.91,0.46,1.53,2.16,0.96,1.04,1.03,2.43,1.94,1.31,2.42,6.49,6.66,4.53,1.13,1.46,0.88,2.49,0.77,1.17,1.1,0.95,1.19,0.88,0.63,2.13,0.87,1.32,1.08,0.61,1.45,2.11,1.66,1.96,0.71,1.13,3.76,2.87
0.85,0.6,0.31,0.7,1.45,1.64,0.83,2.19,0.62,1.58,2.23,0.99,1.11,1.11,2.46,1.86,1.23,2.1,6.48,6.65,4.47,1.08,1.31,0.51,2.54,0.83,1.22,1.07,1.06,1.24,0.97,0.79,2.21,0.82,1.41,1.13,0.6,1.48,2.05,1.69,1.98,0.75,1.15,3.63,2.96
0.75,0.67,0.51,0.78,1.24,1.82,0.95,2.94,0.8,1.5,1.85,1.01,1.26,1.18,2.47,1.88,1.18,2.19,6.46,6.65,4.34,1.02,1.35,0.58,2.59,0.89,1.25,1.06,0.72,1.3,1.08,0.87,2.29,0.91,1.28,1.04,0.53,1.51,2.0,1.82,2.05,0.85,1.19,3.55,3.03
0.98,0.82,0.21,0.97,1.38,1.6,1.0,3.02,0.98,1.48,1.93,0.95,1.38,1.24,2.5,2.0,1.09,2.3,6.46,6.64,4.3,1.06,1.37,0.62,2.59,0.96,1.32,1.08,0.78,1.34,1.15,0.92,2.36,0.93,1.39,0.96,0.64,1.6,1.92,1.86,2.02,0.91,1.25,3.47,3.15
1.04,0.95,0.32,1.1,1.5,1.66,0.76,3.01,1.05,1.43,2.01,0.98,1.6,1.29,2.51,2.03,1.06,2.37,6.45,6.63,4.21,1.11,1.4,0.67,2.64,1.05,1.36,1.1,0.83,1.39,1.24,1.02,2.21,0.97,1.37,1.02,0.66,1.68,1.97,1.91,1.93,0.97,1.28,3.49,2.81
1.18,0.99,0.91,1.14,1.55,1.75,0.87,2.95,1.14,1.52,2.07,1.03,1.83,1.33,2.56,2.05,1.11,2.42,6.43,6.63,4.22,1.1,1.45,0.75,2.69,1.11,1.39,1.12,0.89,1.49,1.36,1.09,2.07,1.0,1.39,1.12,0.67,1.71,2.0,1.94,1.94,0.94,1.31,3.52,2.92
1.27,0.87,0.81,1.25,1.66,1.89,1.01,3.07,0.98,1.61,2.19,0.91,1.82,1.0,2.59,2.08,1.14,2.53,6.44,6.64,4.01,0.93,1.39,0.89,2.79,1.2,1.35,1.2,1.09,1.34,1.57,1.17,2.1,1.03,1.45,1.12,0.72,1.58,1.87,2.02,1.8,1.01,1.44,3.65,3.05
1.02,1.13,0.83,1.36,1.25,2.01,1.23,2.79,1.24,1.43,2.41,0.9,1.83,1.13,2.62,2.11,1.23,2.15,6.42,6.65,3.96,0.96,1.33,0.98,2.92,1.32,1.57,1.27,1.18,1.41,1.68,1.34,2.21,1.11,1.46,0.94,0.78,1.53,1.73,2.05,1.67,1.11,1.58,3.41,3.16
0.9,1.19,0.94,0.95,1.36,1.72,1.32,2.89,0.61,1.52,1.97,0.86,1.82,1.25,2.66,2.17,1.27,2.27,6.41,6.65,3.93,1.01,1.36,1.2,2.98,1.4,1.8,1.29,0.85,1.53,1.79,1.4,2.34,1.15,1.64,1.01,0.94,1.63,1.64,1.87,1.72,1.32,1.72,3.43,3.23
0.98,1.01,0.41,1.11,1.49,1.51,1.1,2.69,0.74,1.65,2.08,0.99,1.89,1.42,2.67,2.23,1.45,2.38,6.4,6.66,3.87,1.08,1.44,1.45,2.6,1.55,1.93,1.3,0.94,1.72,1.87,1.07,2.2,1.22,1.69,1.18,1.05,1.82,1.7,1.83,1.89,1.44,1.8,3.45,3.35
1.09,0.95,0.52,1.22,1.58,1.57,1.22,2.49,1.18,1.78,2.19,1.08,1.92,1.46,2.71,2.25,1.51,2.46,6.4,6.67,3.88,1.21,1.41,1.57,2.72,1.25,1.52,1.32,1.12,1.83,1.53,1.24,2.0,1.3,1.77,1.26,1.1,1.86,1.85,1.64,2.02,1.54,1.85,3.5,3.08
1.2,0.94,0.63,0.86,1.31,1.66,1.36,2.39,1.35,1.92,1.9,1.02,1.97,1.19,2.63,2.16,1.61,2.23,6.39,6.68,3.9,1.17,1.28,1.68,2.79,1.39,1.74,1.35,1.34,1.59,1.71,1.32,2.08,1.24,1.76,1.19,1.06,1.92,1.92,1.67,2.03,1.58,1.72,3.48,3.23
1.23,0.82,0.67,1.0,1.41,1.72,1.44,2.69,1.01,1.97,1.97,1.01,1.84,1.3,2.55,2.08,1.55,2.39,6.39,6.68,3.95,1.1,1.25,1.75,2.89,1.5,1.79,1.38,1.4,1.69,1.76,0.9,2.19,1.02,1.91,1.14,0.88,1.96,2.04,1.84,2.13,1.34,1.78,3.63,2.96
1.3,0.95,0.72,1.07,1.54,1.8,1.51,2.84,1.14,2.01,2.05,0.93,1.81,1.41,2.57,2.1,1.5,2.5,6.38,6.69,3.97,1.11,1.32,1.83,2.95,1.56,1.86,1.42,1.46,1.79,1.81,0.96,2.27,0.89,1.98,1.18,0.8,2.07,2.07,2.03,2.21,1.23,1.83,3.68,3.07
1.34,1.01,0.79,1.19,1.71,1.83,1.59,2.95,1.42,2.06,2.13,0.97,1.86,1.47,2.62,2.15,1.51,2.59,6.38,6.7,4.0,1.21,1.44,1.9,3.03,1.63,1.97,1.5,1.51,1.84,1.9,1.13,2.34,0.83,2.03,1.32,0.95,2.13,2.13,2.19,2.27,1.27,1.9,3.82,3.15
1.38,1.09,0.84,1.24,1.79,1.97,1.66,3.02,1.55,2.13,2.24,1.04,1.9,1.53,2.71,2.19,1.64,2.7,6.36,6.7,4.04,1.23,1.51,1.98,3.09,1.7,2.08,1.67,1.59,1.87,1.97,1.18,2.37,0.95,2.08,1.35,1.0,2.18,2.23,2.25,2.39,1.4,1.96,3.85,3.24
1.4,1.2,0.89,1.35,1.88,2.06,1.71,2.74,1.68,2.17,2.35,1.15,1.98,1.58,2.77,2.25,1.71,2.84,6.35,6.71,4.05,1.26,1.58,2.07,3.16,1.78,2.19,1.73,1.66,1.9,2.03,1.26,2.41,1.09,2.14,1.48,1.04,2.22,2.38,2.33,2.41,1.45,2.04,3.88,3.36
1.43,1.32,0.96,1.43,1.99,2.12,1.79,2.81,1.01,2.2,2.13,1.29,2.03,1.7,2.8,2.29,1.76,2.91,6.34,6.71,4.16,1.29,1.75,2.14,3.24,1.87,2.28,1.78,1.75,1.94,2.1,1.35,2.47,1.26,2.19,1.55,1.17,2.29,2.5,2.38,2.43,1.43,2.09,3.91,3.47
1.13,1.6,1.71,1.58,2.11,2.21,1.94,3.49,1.13,2.37,2.33,1.35,2.04,1.78,2.81,2.37,2.09,3.04,6.39,6.72,4.22,1.37,1.83,2.45,3.32,2.0,2.35,1.87,1.86,1.99,2.18,1.51,2.51,1.31,2.24,1.68,1.24,2.51,2.59,2.1,2.6,1.97,2.24,3.81,3.59
1.14,1.73,1.82,1.7,2.24,2.29,2.03,3.58,1.2,2.43,2.57,1.46,2.1,1.95,2.83,2.4,2.27,3.15,6.42,6.72,4.27,1.44,1.87,2.59,3.39,2.09,2.52,2.09,1.97,2.07,2.26,1.58,2.55,1.44,2.27,1.81,1.33,2.67,2.68,2.21,2.74,2.15,2.35,3.84,3.76
1.17,2.03,1.91,1.77,2.47,2.42,2.17,3.34,1.28,2.51,2.72,1.6,2.18,2.07,2.83,2.41,2.5,3.28,6.5,6.73,4.31,1.55,1.94,2.64,3.48,2.17,2.61,2.16,2.14,2.15,2.43,1.68,2.62,1.58,2.29,1.84,1.38,2.78,2.72,2.23,2.93,2.29,2.55,3.89,3.88
1.2,2.2,2.01,1.89,2.56,2.6,2.23,3.29,1.36,2.58,2.88,1.72,2.22,2.19,2.88,2.32,2.65,3.36,6.55,6.73,4.34,1.67,2.1,2.76,3.65,2.34,2.73,2.28,2.27,2.25,2.55,1.8,2.72,1.65,2.33,1.9,1.43,2.88,2.75,2.26,3.1,2.36,2.7,3.95,3.96
1.15,2.32,2.11,2.01,2.3,2.66,2.34,3.27,1.49,2.64,3.03,1.75,2.24,2.25,2.92,2.34,2.68,3.53,6.61,6.75,4.35,1.68,2.21,2.88,3.81,2.39,2.82,2.37,2.38,2.09,2.61,1.9,2.8,1.7,2.39,1.91,1.47,2.93,2.83,2.31,3.13,2.4,2.79,4.0,4.02
1.11,2.44,2.19,2.08,2.01,2.42,2.11,3.37,1.65,2.7,3.12,1.83,2.37,2.4,2.97,2.36,2.73,3.39,6.66,6.76,4.4,1.82,2.3,3.0,3.54,2.3,2.7,2.3,2.45,1.79,2.74,2.02,2.87,1.77,2.41,1.96,1.68,2.94,3.01,2.37,3.19,2.46,2.85,4.03,4.14
0.91,2.37,2.01,1.94,1.91,2.62,2.03,3.34,1.55,2.64,3.19,1.86,2.4,2.09,3.0,2.28,2.76,2.89,6.65,6.74,4.46,1.83,2.24,2.8,3.42,2.15,2.57,2.13,2.48,1.68,2.79,2.07,2.93,1.8,2.29,2.0,1.7,2.86,3.03,2.38,3.21,2.01,2.79,4.04,3.46
0.8,2.15,1.93,1.83,1.72,2.72,1.96,3.29,0.93,2.35,2.81,1.88,2.43,1.8,3.02,2.24,2.71,2.69,6.64,6.73,4.35,1.64,1.88,2.51,3.03,2.09,2.43,2.1,2.54,1.59,2.58,1.85,3.03,1.46,2.04,1.68,1.62,2.7,3.06,2.34,3.08,1.78,2.68,3.96,3.35
0.68,2.0,1.88,1.67,1.46,2.82,1.94,3.29,0.45,2.12,2.55,1.75,2.27,1.62,3.01,2.09,2.43,2.5,6.64,6.71,4.21,1.41,1.6,2.44,2.8,1.97,2.27,1.93,2.2,1.47,2.3,1.65,3.15,1.31,1.93,1.59,1.5,2.45,2.95,2.29,2.75,1.49,2.54,3.81,3.19
0.56,1.94,1.61,1.54,1.49,2.92,1.87,3.24,0.27,1.96,2.33,1.62,1.94,1.44,2.89,2.04,1.92,2.39,6.63,6.7,4.2,1.23,1.38,2.25,2.82,1.85,2.11,1.76,2.0,1.35,2.3,1.5,3.32,1.14,1.71,1.32,0.96,2.32,2.71,2.2,2.53,1.3,2.41,3.62,2.92
0.63,1.53,1.52,1.39,1.51,3.02,1.91,3.31,0.27,1.98,2.14,1.11,1.66,1.28,2.84,1.98,1.77,2.09,6.62,6.69,4.13,1.22,1.33,2.07,2.83,1.74,1.98,1.53,1.81,1.24,2.12,1.25,3.15,0.95,1.56,1.13,0.91,2.13,2.46,2.16,2.32,1.1,2.29,3.58,2.69
0.7,1.29,1.49,1.43,1.54,3.07,1.94,3.2,0.34,2.01,2.16,1.0,1.4,1.31,2.76,1.95,1.54,2.09,6.6,6.68,4.17,0.98,1.27,2.1,2.85,1.65,1.95,1.42,1.62,1.27,2.0,0.93,2.97,0.84,1.18,1.01,0.84,1.92,2.2,2.07,2.17,1.05,2.25,3.56,2.73
0.75,1.04,1.64,1.1,1.58,3.09,1.97,3.0,0.36,2.03,2.17,0.87,1.12,1.29,2.54,2.13,1.39,2.17,6.64,6.69,3.94,0.94,1.2,2.16,2.89,1.7,1.97,1.52,1.7,1.28,1.92,0.96,2.76,0.87,1.3,0.83,0.72,1.86,2.24,1.34,1.65,0.89,1.73,3.45,2.76
0.78,1.1,1.69,1.13,1.62,3.13,2.0,3.07,0.4,2.06,2.2,0.92,1.04,1.32,2.57,2.16,1.41,2.22,6.66,6.7,3.87,0.73,1.19,2.21,2.92,1.73,1.99,1.57,1.73,1.29,1.95,1.0,2.68,0.92,1.37,0.86,0.73,1.9,2.27,1.46,1.72,0.88,1.46,3.49,2.83
0.83,1.17,1.72,1.19,1.67,3.17,2.04,3.11,0.42,2.09,2.25,1.0,1.05,1.35,2.68,2.14,1.48,2.29,6.67,6.7,3.91,0.76,1.26,2.25,2.96,1.73,2.02,1.65,1.75,1.32,1.96,1.04,2.7,0.96,1.44,0.91,0.8,1.92,2.3,1.59,1.78,0.95,1.48,3.6,2.88
0.88,1.21,1.76,1.22,1.74,3.2,2.07,3.29,0.45,2.13,2.29,1.01,1.09,1.41,2.7,2.1,1.5,2.37,6.7,6.72,4.0,0.81,1.28,2.3,3.01,1.78,2.04,1.67,1.78,1.37,1.98,1.07,2.72,1.0,1.51,0.97,0.83,1.96,2.32,1.61,1.81,0.99,1.49,3.68,2.92
0.95,1.24,1.78,1.27,1.81,3.23,2.12,3.38,0.5,2.18,2.33,1.03,1.2,1.48,2.77,2.07,1.53,2.42,6.72,6.72,4.01,0.83,1.34,2.34,3.03,1.82,2.07,1.72,1.83,1.42,2.05,1.11,2.8,1.01,1.66,1.0,0.87,2.03,2.37,1.64,1.83,1.01,1.52,3.73,2.99
0.99,1.28,1.82,1.31,1.87,3.27,2.15,3.41,0.55,2.24,2.38,1.04,1.23,1.56,2.78,2.09,1.56,2.49,6.72,6.72,4.04,0.88,1.36,2.39,3.11,1.86,2.12,1.79,1.85,1.48,2.12,1.14,2.87,1.04,1.78,1.01,0.89,2.06,2.44,1.65,1.85,1.08,1.53,3.75,3.03
1.04,1.32,1.85,1.34,1.91,3.31,2.17,3.45,0.61,2.26,2.43,1.11,1.33,1.62,2.8,2.14,1.63,2.55,6.73,6.71,4.07,1.02,1.44,2.42,3.14,1.9,2.16,1.81,1.89,1.54,2.15,1.18,2.93,1.19,1.82,1.07,0.93,2.13,2.47,1.67,1.98,1.14,1.61,3.82,3.13
1.09,1.37,1.89,1.4,1.94,3.35,2.2,3.54,0.65,2.28,2.47,1.13,1.4,1.69,2.81,2.24,1.71,2.63,6.74,6.73,4.12,1.04,1.55,2.5,3.19,1.95,2.22,1.82,1.93,1.59,2.18,1.25,2.97,1.3,1.83,1.16,0.97,2.17,2.58,1.79,2.03,1.24,1.7,3.87,3.28
1.12,1.41,1.94,1.42,1.99,3.38,2.24,3.6,0.7,2.32,2.53,1.17,1.47,1.75,2.81,2.32,1.73,2.71,6.74,6.75,4.16,1.09,1.57,2.58,3.24,2.01,2.31,1.84,1.97,1.63,2.21,1.3,3.01,1.33,1.85,1.21,1.1,2.2,2.63,1.84,2.05,1.27,1.88,3.94,3.33
1.15,1.45,1.98,1.46,2.03,3.42,2.28,3.39,0.76,2.37,2.58,1.22,1.56,1.81,2.83,2.37,1.76,2.79,6.76,6.75,4.23,1.13,1.69,2.64,3.28,2.05,2.39,1.86,2.06,1.67,2.24,1.36,3.07,1.39,1.88,1.33,1.19,2.25,2.65,1.95,2.1,1.4,2.03,4.0,3.41
1.17,1.49,2.03,1.51,2.08,3.46,2.35,3.36,0.84,2.41,2.62,1.3,1.62,1.9,2.85,2.39,1.85,2.87,6.77,6.74,4.3,1.2,1.76,2.67,3.34,2.11,2.46,1.9,2.11,1.71,2.28,1.43,3.12,1.46,1.95,1.4,1.27,2.28,2.68,1.99,2.21,1.43,2.15,4.06,3.46
1.2,1.56,2.08,1.57,2.16,3.5,2.39,3.19,0.92,2.46,2.69,1.38,1.69,1.98,2.9,2.41,1.96,2.95,6.77,6.74,4.31,1.33,1.85,2.73,3.42,2.16,2.51,1.93,2.16,1.78,2.36,1.52,3.15,1.51,2.01,1.48,1.36,2.33,2.73,2.13,2.24,1.47,2.26,4.1,3.55
